행정구분,성별,년도,값
서울,계,1970,5685932
서울,계,1971,5940442
서울,계,1972,6206625
서울,계,1973,6470497
서울,계,1974,6737832
서울,계,1975,7005007
서울,계,1976,7300852
서울,계,1977,7598734
서울,계,1978,7900077
서울,계,1979,8205097
서울,계,1980,8516450
서울,계,1981,8795571
서울,계,1982,9058650
서울,계,1983,9317088
서울,계,1984,9558806
서울,계,1985,9725447
서울,계,1986,9815245
서울,계,1987,9931649
서울,계,1988,10147107
서울,계,1989,10379344
서울,계,1990,10473252
서울,계,1991,10461122
서울,계,1992,10445852
서울,계,1993,10420119
서울,계,1994,10385314
서울,계,1995,10342224
서울,계,1996,10195359
서울,계,1997,10115549
서울,계,1998,10051237
서울,계,1999,10035810
서울,계,2000,10078434
서울,계,2001,10091137
서울,계,2002,10049183
서울,계,2003,10041419
서울,계,2004,10051611
서울,계,2005,10028631
서울,계,2006,10057373
서울,계,2007,10068563
서울,계,2008,10111880
서울,계,2009,10138867
서울,계,2010,10088611
서울,계,2011,10072235
서울,계,2012,10036273
서울,계,2013,9990010
서울,계,2014,9975163
서울,계,2015,9941162
서울,계,2016,9842501
서울,계,2017,9766399
서울,계,2018,9704546
서울,계,2019,9662041
서울,계,2020,9601693
서울,계,2021,9543142
서울,계,2022,9487764
서울,계,2023,9439298
서울,계,2024,9394490
서울,계,2025,9352227
서울,계,2026,9311804
서울,계,2027,9272673
서울,계,2028,9234270
서울,계,2029,9195157
서울,계,2030,9155502
서울,계,2031,9115672
서울,계,2032,9075598
서울,계,2033,9035257
서울,계,2034,8994658
서울,계,2035,8953738
서울,계,2036,8912133
서울,계,2037,8869389
서울,계,2038,8825205
서울,계,2039,8779359
서울,계,2040,8731396
서울,계,2041,8681042
서울,계,2042,8627977
서울,계,2043,8572054
서울,계,2044,8513027
서울,계,2045,8451145
서울,계,2046,8386694
서울,계,2047,8319771
서울,남자,1970,2864147
서울,남자,1971,2991528
서울,남자,1972,3120911
서울,남자,1973,3245901
서울,남자,1974,3372843
서울,남자,1975,3493989
서울,남자,1976,3645645
서울,남자,1977,3799541
서울,남자,1978,3955311
서울,남자,1979,4113208
서울,남자,1980,4274921
서울,남자,1981,4413309
서울,남자,1982,4543903
서울,남자,1983,4672572
서울,남자,1984,4792911
서울,남자,1985,4876533
서울,남자,1986,4926219
서울,남자,1987,4987271
서울,남자,1988,5099544
서울,남자,1989,5220199
서울,남자,1990,5272803
서울,남자,1991,5266726
서울,남자,1992,5259938
서울,남자,1993,5248516
서울,남자,1994,5232588
서울,남자,1995,5212363
서울,남자,1996,5137748
서울,남자,1997,5098995
서울,남자,1998,5060672
서울,남자,1999,5050557
서울,남자,2000,5075696
서울,남자,2001,5079359
서울,남자,2002,5053965
서울,남자,2003,5044288
서울,남자,2004,5038512
서울,남자,2005,5012084
서울,남자,2006,5016395
서울,남자,2007,5012803
서울,남자,2008,5026851
서울,남자,2009,5028886
서울,남자,2010,4994235
서울,남자,2011,4977967
서울,남자,2012,4951465
서울,남자,2013,4918124
서울,남자,2014,4904120
서울,남자,2015,4881464
서울,남자,2016,4820273
서울,남자,2017,4772820
서울,남자,2018,4731252
서울,남자,2019,4698629
서울,남자,2020,4660983
서울,남자,2021,4625047
서울,남자,2022,4591453
서울,남자,2023,4563623
서울,남자,2024,4538022
서울,남자,2025,4514109
서울,남자,2026,4491463
서울,남자,2027,4469662
서울,남자,2028,4448356
서울,남자,2029,4426773
서울,남자,2030,4404754
서울,남자,2031,4382516
서울,남자,2032,4360056
서울,남자,2033,4337442
서울,남자,2034,4314660
서울,남자,2035,4291726
서울,남자,2036,4268533
서울,남자,2037,4244961
서울,남자,2038,4220903
서울,남자,2039,4196243
서울,남자,2040,4170874
서울,남자,2041,4144708
서울,남자,2042,4117551
서울,남자,2043,4089277
서울,남자,2044,4059690
서울,남자,2045,4028877
서울,남자,2046,3996878
서울,남자,2047,3963629
서울,여자,1970,2821785
서울,여자,1971,2948914
서울,여자,1972,3085714
서울,여자,1973,3224596
서울,여자,1974,3364989
서울,여자,1975,3511018
서울,여자,1976,3655207
서울,여자,1977,3799193
서울,여자,1978,3944766
서울,여자,1979,4091889
서울,여자,1980,4241529
서울,여자,1981,4382262
서울,여자,1982,4514747
서울,여자,1983,4644516
서울,여자,1984,4765895
서울,여자,1985,4848914
서울,여자,1986,4889026
서울,여자,1987,4944378
서울,여자,1988,5047563
서울,여자,1989,5159145
서울,여자,1990,5200449
서울,여자,1991,5194396
서울,여자,1992,5185914
서울,여자,1993,5171603
서울,여자,1994,5152726
서울,여자,1995,5129861
서울,여자,1996,5057611
서울,여자,1997,5016554
서울,여자,1998,4990565
서울,여자,1999,4985253
서울,여자,2000,5002738
서울,여자,2001,5011778
서울,여자,2002,4995218
서울,여자,2003,4997131
서울,여자,2004,5013099
서울,여자,2005,5016547
서울,여자,2006,5040978
서울,여자,2007,5055760
서울,여자,2008,5085029
서울,여자,2009,5109981
서울,여자,2010,5094376
서울,여자,2011,5094268
서울,여자,2012,5084808
서울,여자,2013,5071886
서울,여자,2014,5071043
서울,여자,2015,5059698
서울,여자,2016,5022228
서울,여자,2017,4993579
서울,여자,2018,4973294
서울,여자,2019,4963412
서울,여자,2020,4940710
서울,여자,2021,4918095
서울,여자,2022,4896311
서울,여자,2023,4875675
서울,여자,2024,4856468
서울,여자,2025,4838118
서울,여자,2026,4820341
서울,여자,2027,4803011
서울,여자,2028,4785914
서울,여자,2029,4768384
서울,여자,2030,4750748
서울,여자,2031,4733156
서울,여자,2032,4715542
서울,여자,2033,4697815
서울,여자,2034,4679998
서울,여자,2035,4662012
서울,여자,2036,4643600
서울,여자,2037,4624428
서울,여자,2038,4604302
서울,여자,2039,4583116
서울,여자,2040,4560522
서울,여자,2041,4536334
서울,여자,2042,4510426
서울,여자,2043,4482777
서울,여자,2044,4453337
서울,여자,2045,4422268
서울,여자,2046,4389816
서울,여자,2047,4356142
부산,계,1970,2045828
부산,계,1971,2155433
부산,계,1972,2270494
부산,계,1973,2386209
부산,계,1974,2504899
부산,계,1975,2625143
부산,계,1976,2756845
부산,계,1977,2890337
부산,계,1978,3026409
부산,계,1979,3165516
부산,계,1980,3309338
부산,계,1981,3399677
부산,계,1982,3469299
부산,계,1983,3526625
부산,계,1984,3580187
부산,계,1985,3627990
부산,계,1986,3671462
부산,계,1987,3724562
부산,계,1988,3773138
부산,계,1989,3803288
부산,계,1990,3803334
부산,계,1991,3816713
부산,계,1992,3829348
부산,계,1993,3839022
부산,계,1994,3846467
부산,계,1995,3852295
부산,계,1996,3826168
부산,계,1997,3803326
부산,계,1998,3775121
부산,계,1999,3752322
부산,계,2000,3732630
부산,계,2001,3716425
부산,계,2002,3684942
부산,계,2003,3648852
부산,계,2004,3623903
부산,계,2005,3590291
부산,계,2006,3563009
부산,계,2007,3538031
부산,계,2008,3514331
부산,계,2009,3497197
부산,계,2010,3476658
부산,계,2011,3476349
부산,계,2012,3461881
부산,계,2013,3455734
부산,계,2014,3452309
부산,계,2015,3452260
부산,계,2016,3446962
부산,계,2017,3424409
부산,계,2018,3400027
부산,계,2019,3372763
부산,계,2020,3343528
부산,계,2021,3313445
부산,계,2022,3283324
부산,계,2023,3259869
부산,계,2024,3237082
부산,계,2025,3214964
부산,계,2026,3193553
부산,계,2027,3172811
부산,계,2028,3152725
부산,계,2029,3132923
부산,계,2030,3113235
부산,계,2031,3093509
부산,계,2032,3073586
부산,계,2033,3053240
부산,계,2034,3032263
부산,계,2035,3010503
부산,계,2036,2987889
부산,계,2037,2964271
부산,계,2038,2939638
부산,계,2039,2913998
부산,계,2040,2887377
부산,계,2041,2859909
부산,계,2042,2831693
부산,계,2043,2802793
부산,계,2044,2773258
부산,계,2045,2743209
부산,계,2046,2712701
부산,계,2047,2681696
부산,남자,1970,1032010
부산,남자,1971,1087057
부산,남자,1972,1143248
부산,남자,1973,1198433
부산,남자,1974,1254982
부산,남자,1975,1310001
부산,남자,1976,1376272
부산,남자,1977,1443836
부산,남자,1978,1512747
부산,남자,1979,1583340
부산,남자,1980,1656543
부산,남자,1981,1699668
부산,남자,1982,1732535
부산,남자,1983,1759359
부산,남자,1984,1784119
부산,남자,1985,1806061
부산,남자,1986,1826958
부산,남자,1987,1851982
부산,남자,1988,1875287
부산,남자,1989,1889544
부산,남자,1990,1889516
부산,남자,1991,1898481
부산,남자,1992,1907117
부산,남자,1993,1914301
부산,남자,1994,1920239
부산,남자,1995,1925224
부산,남자,1996,1912428
부산,남자,1997,1902137
부산,남자,1998,1887110
부산,남자,1999,1876039
부산,남자,2000,1866962
부산,남자,2001,1858228
부산,남자,2002,1841471
부산,남자,2003,1823508
부산,남자,2004,1809016
부산,남자,2005,1789393
부산,남자,2006,1772957
부산,남자,2007,1758736
부산,남자,2008,1744222
부산,남자,2009,1732711
부산,남자,2010,1719564
부산,남자,2011,1719138
부산,남자,2012,1711058
부산,남자,2013,1706570
부산,남자,2014,1704522
부산,남자,2015,1703339
부산,남자,2016,1697939
부산,남자,2017,1685161
부산,남자,2018,1671846
부산,남자,2019,1655688
부산,남자,2020,1639369
부산,남자,2021,1622652
부산,남자,2022,1605967
부산,남자,2023,1592794
부산,남자,2024,1579996
부산,남자,2025,1567614
부산,남자,2026,1555683
부산,남자,2027,1544176
부산,남자,2028,1533068
부산,남자,2029,1522183
부산,남자,2030,1511434
부산,남자,2031,1500746
부산,남자,2032,1490031
부산,남자,2033,1479194
부산,남자,2034,1468092
부산,남자,2035,1456653
부산,남자,2036,1444866
부산,남자,2037,1432662
부산,남자,2038,1420020
부산,남자,2039,1406935
부산,남자,2040,1393456
부산,남자,2041,1379658
부산,남자,2042,1365581
부산,남자,2043,1351250
부산,남자,2044,1336724
부산,남자,2045,1322063
부산,남자,2046,1307287
부산,남자,2047,1292342
부산,여자,1970,1013818
부산,여자,1971,1068376
부산,여자,1972,1127246
부산,여자,1973,1187776
부산,여자,1974,1249917
부산,여자,1975,1315142
부산,여자,1976,1380573
부산,여자,1977,1446501
부산,여자,1978,1513662
부산,여자,1979,1582176
부산,여자,1980,1652795
부산,여자,1981,1700009
부산,여자,1982,1736764
부산,여자,1983,1767266
부산,여자,1984,1796068
부산,여자,1985,1821929
부산,여자,1986,1844504
부산,여자,1987,1872580
부산,여자,1988,1897851
부산,여자,1989,1913744
부산,여자,1990,1913818
부산,여자,1991,1918232
부산,여자,1992,1922231
부산,여자,1993,1924721
부산,여자,1994,1926228
부산,여자,1995,1927071
부산,여자,1996,1913740
부산,여자,1997,1901189
부산,여자,1998,1888011
부산,여자,1999,1876283
부산,여자,2000,1865668
부산,여자,2001,1858197
부산,여자,2002,1843471
부산,여자,2003,1825344
부산,여자,2004,1814887
부산,여자,2005,1800898
부산,여자,2006,1790052
부산,여자,2007,1779295
부산,여자,2008,1770109
부산,여자,2009,1764486
부산,여자,2010,1757094
부산,여자,2011,1757211
부산,여자,2012,1750823
부산,여자,2013,1749164
부산,여자,2014,1747787
부산,여자,2015,1748921
부산,여자,2016,1749023
부산,여자,2017,1739248
부산,여자,2018,1728181
부산,여자,2019,1717075
부산,여자,2020,1704159
부산,여자,2021,1690793
부산,여자,2022,1677357
부산,여자,2023,1667075
부산,여자,2024,1657086
부산,여자,2025,1647350
부산,여자,2026,1637870
부산,여자,2027,1628635
부산,여자,2028,1619657
부산,여자,2029,1610740
부산,여자,2030,1601801
부산,여자,2031,1592763
부산,여자,2032,1583555
부산,여자,2033,1574046
부산,여자,2034,1564171
부산,여자,2035,1553850
부산,여자,2036,1543023
부산,여자,2037,1531609
부산,여자,2038,1519618
부산,여자,2039,1507063
부산,여자,2040,1493921
부산,여자,2041,1480251
부산,여자,2042,1466112
부산,여자,2043,1451543
부산,여자,2044,1436534
부산,여자,2045,1421146
부산,여자,2046,1405414
부산,여자,2047,1389354
대구,계,1970,1294646
대구,계,1971,1344660
대구,계,1972,1395645
대구,계,1973,1445274
대구,계,1974,1494654
대구,계,1975,1543540
대구,계,1976,1611920
대구,계,1977,1680300
대구,계,1978,1749080
대구,계,1979,1818250
대구,계,1980,1888506
대구,계,1981,1940193
대구,계,1982,1995279
대구,계,1983,2046550
대구,계,1984,2091406
대구,계,1985,2129426
대구,계,1986,2162263
대구,계,1987,2195733
대구,계,1988,2229908
대구,계,1989,2266543
대구,계,1990,2293038
대구,계,1991,2332235
대구,계,1992,2370971
대구,계,1993,2407544
대구,계,1994,2442258
대구,계,1995,2475360
대구,계,1996,2488905
대구,계,1997,2495979
대구,계,1998,2502146
대구,계,1999,2511610
대구,계,2000,2528863
대구,계,2001,2535374
대구,계,2002,2530953
대구,계,2003,2531930
대구,계,2004,2533260
대구,계,2005,2509168
대구,계,2006,2490045
대구,계,2007,2483535
대구,계,2008,2480984
대구,계,2009,2481714
대구,계,2010,2479781
대구,계,2011,2483116
대구,계,2012,2480493
대구,계,2013,2475657
대구,계,2014,2474900
대구,계,2015,2468755
대구,계,2016,2461272
대구,계,2017,2457769
대구,계,2018,2449789
대구,계,2019,2432442
대구,계,2020,2419246
대구,계,2021,2405064
대구,계,2022,2390487
대구,계,2023,2375913
대구,계,2024,2361697
대구,계,2025,2347880
대구,계,2026,2334497
대구,계,2027,2321534
대구,계,2028,2308960
대구,계,2029,2296544
대구,계,2030,2284059
대구,계,2031,2271476
대구,계,2032,2258699
대구,계,2033,2245628
대구,계,2034,2232111
대구,계,2035,2218091
대구,계,2036,2203490
대구,계,2037,2188245
대구,계,2038,2172303
대구,계,2039,2155664
대구,계,2040,2138365
대구,계,2041,2120419
대구,계,2042,2101867
대구,계,2043,2082738
대구,계,2044,2063038
대구,계,2045,2042714
대구,계,2046,2021806
대구,계,2047,2000239
대구,남자,1970,648857
대구,남자,1971,674467
대구,남자,1972,699718
대구,남자,1973,723553
대구,남자,1974,747312
대구,남자,1975,769601
대구,남자,1976,804532
대구,남자,1977,839571
대구,남자,1978,874805
대구,남자,1979,910337
대구,남자,1980,946716
대구,남자,1981,971818
대구,남자,1982,998496
대구,남자,1983,1023291
대구,남자,1984,1044853
대구,남자,1985,1063136
대구,남자,1986,1080668
대구,남자,1987,1097913
대구,남자,1988,1115752
대구,남자,1989,1134837
대구,남자,1990,1149109
대구,남자,1991,1170687
대구,남자,1992,1192103
대구,남자,1993,1212555
대구,남자,1994,1232177
대구,남자,1995,1251093
대구,남자,1996,1257498
대구,남자,1997,1260661
대구,남자,1998,1262153
대구,남자,1999,1266680
대구,남자,2000,1275668
대구,남자,2001,1278630
대구,남자,2002,1276142
대구,남자,2003,1276725
대구,남자,2004,1275882
대구,남자,2005,1262644
대구,남자,2006,1251746
대구,남자,2007,1246651
대구,남자,2008,1243091
대구,남자,2009,1240959
대구,남자,2010,1237614
대구,남자,2011,1238666
대구,남자,2012,1236441
대구,남자,2013,1232859
대구,남자,2014,1232587
대구,남자,2015,1230092
대구,남자,2016,1223929
대구,남자,2017,1220800
대구,남자,2018,1215762
대구,남자,2019,1205202
대구,남자,2020,1197242
대구,남자,2021,1188864
대구,남자,2022,1180360
대구,남자,2023,1172257
대구,남자,2024,1164392
대구,남자,2025,1156795
대구,남자,2026,1149450
대구,남자,2027,1142369
대구,남자,2028,1135543
대구,남자,2029,1128833
대구,남자,2030,1122119
대구,남자,2031,1115397
대구,남자,2032,1108609
대구,남자,2033,1101700
대구,남자,2034,1094591
대구,남자,2035,1087244
대구,남자,2036,1079624
대구,남자,2037,1071703
대구,남자,2038,1063436
대구,남자,2039,1054823
대구,남자,2040,1045899
대구,남자,2041,1036690
대구,남자,2042,1027197
대구,남자,2043,1017468
대구,남자,2044,1007513
대구,남자,2045,997325
대구,남자,2046,986911
대구,남자,2047,976215
대구,여자,1970,645789
대구,여자,1971,670193
대구,여자,1972,695927
대구,여자,1973,721721
대구,여자,1974,747342
대구,여자,1975,773939
대구,여자,1976,807388
대구,여자,1977,840729
대구,여자,1978,874275
대구,여자,1979,907913
대구,여자,1980,941790
대구,여자,1981,968375
대구,여자,1982,996783
대구,여자,1983,1023259
대구,여자,1984,1046553
대구,여자,1985,1066290
대구,여자,1986,1081595
대구,여자,1987,1097820
대구,여자,1988,1114156
대구,여자,1989,1131706
대구,여자,1990,1143929
대구,여자,1991,1161548
대구,여자,1992,1178868
대구,여자,1993,1194989
대구,여자,1994,1210081
대구,여자,1995,1224267
대구,여자,1996,1231407
대구,여자,1997,1235318
대구,여자,1998,1239993
대구,여자,1999,1244930
대구,여자,2000,1253195
대구,여자,2001,1256744
대구,여자,2002,1254811
대구,여자,2003,1255205
대구,여자,2004,1257378
대구,여자,2005,1246524
대구,여자,2006,1238299
대구,여자,2007,1236884
대구,여자,2008,1237893
대구,여자,2009,1240755
대구,여자,2010,1242167
대구,여자,2011,1244450
대구,여자,2012,1244052
대구,여자,2013,1242798
대구,여자,2014,1242313
대구,여자,2015,1238663
대구,여자,2016,1237343
대구,여자,2017,1236969
대구,여자,2018,1234027
대구,여자,2019,1227240
대구,여자,2020,1222004
대구,여자,2021,1216200
대구,여자,2022,1210127
대구,여자,2023,1203656
대구,여자,2024,1197305
대구,여자,2025,1191085
대구,여자,2026,1185047
대구,여자,2027,1179165
대구,여자,2028,1173417
대구,여자,2029,1167711
대구,여자,2030,1161940
대구,여자,2031,1156079
대구,여자,2032,1150090
대구,여자,2033,1143928
대구,여자,2034,1137520
대구,여자,2035,1130847
대구,여자,2036,1123866
대구,여자,2037,1116542
대구,여자,2038,1108867
대구,여자,2039,1100841
대구,여자,2040,1092466
대구,여자,2041,1083729
대구,여자,2042,1074670
대구,여자,2043,1065270
대구,여자,2044,1055525
대구,여자,2045,1045389
대구,여자,2046,1034895
대구,여자,2047,1024024
인천,계,1970,803730
인천,계,1971,838028
인천,계,1972,873538
인천,계,1973,909047
인천,계,1974,945093
인천,계,1975,981336
인천,계,1976,1032326
인천,계,1977,1084703
인천,계,1978,1138750
인천,계,1979,1194725
인천,계,1980,1253487
인천,계,1981,1314846
인천,계,1982,1365747
인천,계,1983,1412411
인천,계,1984,1474260
인천,계,1985,1541084
인천,계,1986,1592771
인천,계,1987,1646661
인천,계,1988,1709667
인천,계,1989,1784715
인천,계,1990,1896801
인천,계,1991,1979437
인천,계,1992,2065278
인천,계,1993,2153047
인천,계,1994,2242714
인천,계,1995,2333769
인천,계,1996,2375816
인천,계,1997,2421017
인천,계,1998,2464340
인천,계,1999,2494341
인천,계,2000,2522462
인천,계,2001,2550919
인천,계,2002,2571760
인천,계,2003,2573467
인천,계,2004,2571244
인천,계,2005,2581406
인천,계,2006,2606698
인천,계,2007,2642899
인천,계,2008,2689010
인천,계,2009,2699716
인천,계,2010,2722990
인천,계,2011,2754739
인천,계,2012,2793754
인천,계,2013,2829608
인천,계,2014,2862241
인천,계,2015,2882868
인천,계,2016,2907366
인천,계,2017,2923859
인천,계,2018,2938875
인천,계,2019,2943992
인천,계,2020,2951030
인천,계,2021,2956924
인천,계,2022,2962325
인천,계,2023,2971720
인천,계,2024,2981104
인천,계,2025,2990422
인천,계,2026,2999552
인천,계,2027,3008358
인천,계,2028,3016819
인천,계,2029,3024515
인천,계,2030,3031272
인천,계,2031,3037012
인천,계,2032,3041682
인천,계,2033,3045127
인천,계,2034,3047268
인천,계,2035,3048041
인천,계,2036,3047488
인천,계,2037,3045497
인천,계,2038,3042032
인천,계,2039,3037158
인천,계,2040,3030900
인천,계,2041,3023232
인천,계,2042,3014142
인천,계,2043,3003665
인천,계,2044,2991725
인천,계,2045,2978293
인천,계,2046,2963411
인천,계,2047,2946991
인천,남자,1970,405637
인천,남자,1971,422917
인천,남자,1972,440142
인천,남자,1973,456937
인천,남자,1974,474039
인천,남자,1975,490399
인천,남자,1976,516552
인천,남자,1977,543583
인천,남자,1978,571552
인천,남자,1979,600631
인천,남자,1980,631243
인천,남자,1981,661966
인천,남자,1982,687475
인천,남자,1983,710962
인천,남자,1984,742112
인천,남자,1985,775914
인천,남자,1986,802112
인천,남자,1987,829255
인천,남자,1988,861394
인천,남자,1989,899758
인천,남자,1990,957563
인천,남자,1991,999917
인천,남자,1992,1043990
인천,남자,1993,1089217
인천,남자,1994,1135533
인천,남자,1995,1182621
인천,남자,1996,1203990
인천,남자,1997,1227044
인천,남자,1998,1247464
인천,남자,1999,1262246
인천,남자,2000,1277321
인천,남자,2001,1292221
인천,남자,2002,1303385
인천,남자,2003,1305026
인천,남자,2004,1303733
인천,남자,2005,1307179
인천,남자,2006,1321114
인천,남자,2007,1340310
인천,남자,2008,1364073
인천,남자,2009,1368504
인천,남자,2010,1379554
인천,남자,2011,1394025
인천,남자,2012,1411329
인천,남자,2013,1427323
인천,남자,2014,1442354
인천,남자,2015,1451459
인천,남자,2016,1463157
인천,남자,2017,1470977
인천,남자,2018,1478502
인천,남자,2019,1481350
인천,남자,2020,1484678
인천,남자,2021,1487319
인천,남자,2022,1489621
인천,남자,2023,1493669
인천,남자,2024,1497628
인천,남자,2025,1501497
인천,남자,2026,1505223
인천,남자,2027,1508757
인천,남자,2028,1512079
인천,남자,2029,1514995
인천,남자,2030,1517388
인천,남자,2031,1519220
인천,남자,2032,1520469
인천,남자,2033,1521069
인천,남자,2034,1520959
인천,남자,2035,1520100
인천,남자,2036,1518539
인천,남자,2037,1516224
인천,남자,2038,1513118
인천,남자,2039,1509278
인천,남자,2040,1504754
인천,남자,2041,1499540
인천,남자,2042,1493642
인천,남자,2043,1487103
인천,남자,2044,1479908
인천,남자,2045,1472066
인천,남자,2046,1463609
인천,남자,2047,1454461
인천,여자,1970,398093
인천,여자,1971,415111
인천,여자,1972,433396
인천,여자,1973,452110
인천,여자,1974,471054
인천,여자,1975,490937
인천,여자,1976,515774
인천,여자,1977,541120
인천,여자,1978,567198
인천,여자,1979,594094
인천,여자,1980,622244
인천,여자,1981,652880
인천,여자,1982,678272
인천,여자,1983,701449
인천,여자,1984,732148
인천,여자,1985,765170
인천,여자,1986,790659
인천,여자,1987,817406
인천,여자,1988,848273
인천,여자,1989,884957
인천,여자,1990,939238
인천,여자,1991,979520
인천,여자,1992,1021288
인천,여자,1993,1063830
인천,여자,1994,1107181
인천,여자,1995,1151148
인천,여자,1996,1171826
인천,여자,1997,1193973
인천,여자,1998,1216876
인천,여자,1999,1232095
인천,여자,2000,1245141
인천,여자,2001,1258698
인천,여자,2002,1268375
인천,여자,2003,1268441
인천,여자,2004,1267511
인천,여자,2005,1274227
인천,여자,2006,1285584
인천,여자,2007,1302589
인천,여자,2008,1324937
인천,여자,2009,1331212
인천,여자,2010,1343436
인천,여자,2011,1360714
인천,여자,2012,1382425
인천,여자,2013,1402285
인천,여자,2014,1419887
인천,여자,2015,1431409
인천,여자,2016,1444209
인천,여자,2017,1452882
인천,여자,2018,1460373
인천,여자,2019,1462642
인천,여자,2020,1466352
인천,여자,2021,1469605
인천,여자,2022,1472704
인천,여자,2023,1478051
인천,여자,2024,1483476
인천,여자,2025,1488925
인천,여자,2026,1494329
인천,여자,2027,1499601
인천,여자,2028,1504740
인천,여자,2029,1509520
인천,여자,2030,1513884
인천,여자,2031,1517792
인천,여자,2032,1521213
인천,여자,2033,1524058
인천,여자,2034,1526309
인천,여자,2035,1527941
인천,여자,2036,1528949
인천,여자,2037,1529273
인천,여자,2038,1528914
인천,여자,2039,1527880
인천,여자,2040,1526146
인천,여자,2041,1523692
인천,여자,2042,1520500
인천,여자,2043,1516562
인천,여자,2044,1511817
인천,여자,2045,1506227
인천,여자,2046,1499802
인천,여자,2047,1492530
광주,계,1970,651380
광주,계,1971,672432
광주,계,1972,693417
광주,계,1973,713346
광주,계,1974,732636
광주,계,1975,751007
광주,계,1976,776209
광주,계,1977,801080
광주,계,1978,825601
광주,계,1979,849767
광주,계,1980,873909
광주,계,1981,913258
광주,계,1982,953574
광주,계,1983,991599
광주,계,1984,1023089
광주,계,1985,1052558
광주,계,1986,1062312
광주,계,1987,1068550
광주,계,1988,1078519
광주,계,1989,1099843
광주,계,1990,1124968
광주,계,1991,1154456
광주,계,1992,1184604
광주,계,1993,1214505
광주,계,1994,1244187
광주,계,1995,1273532
광주,계,1996,1292483
광주,계,1997,1317015
광주,계,1998,1340506
광주,계,1999,1361160
광주,계,2000,1382426
광주,계,2001,1401954
광주,계,2002,1421613
광주,계,2003,1431964
광주,계,2004,1444682
광주,계,2005,1445390
광주,계,2006,1448384
광주,계,2007,1456365
광주,계,2008,1465274
광주,계,2009,1479146
광주,계,2010,1493632
광주,계,2011,1502051
광주,계,2012,1503758
광주,계,2013,1503835
광주,계,2014,1504582
광주,계,2015,1505906
광주,계,2016,1502125
광주,계,2017,1495392
광주,계,2018,1493417
광주,계,2019,1493571
광주,계,2020,1487675
광주,계,2021,1480750
광주,계,2022,1473331
광주,계,2023,1465973
광주,계,2024,1458810
광주,계,2025,1451797
광주,계,2026,1444925
광주,계,2027,1438274
광주,계,2028,1431788
광주,계,2029,1425350
광주,계,2030,1418825
광주,계,2031,1412165
광주,계,2032,1405345
광주,계,2033,1398286
광주,계,2034,1390982
광주,계,2035,1383371
광주,계,2036,1375382
광주,계,2037,1367106
광주,계,2038,1358433
광주,계,2039,1349366
광주,계,2040,1339931
광주,계,2041,1330123
광주,계,2042,1319937
광주,계,2043,1309377
광주,계,2044,1298426
광주,계,2045,1287094
광주,계,2046,1275392
광주,계,2047,1263274
광주,남자,1970,334990
광주,남자,1971,345698
광주,남자,1972,355991
광주,남자,1973,365368
광주,남자,1974,374445
광주,남자,1975,382372
광주,남자,1976,395686
광주,남자,1977,408888
광주,남자,1978,421898
광주,남자,1979,434667
광주,남자,1980,447412
광주,남자,1981,466645
광주,남자,1982,486315
광주,남자,1983,504769
광주,남자,1984,519839
광주,남자,1985,533844
광주,남자,1986,538012
광주,남자,1987,540102
광주,남자,1988,544197
광주,남자,1989,553997
광주,남자,1990,565805
광주,남자,1991,579797
광주,남자,1992,594201
광주,남자,1993,608582
광주,남자,1994,622906
광주,남자,1995,637092
광주,남자,1996,646084
광주,남자,1997,658284
광주,남자,1998,669731
광주,남자,1999,680305
광주,남자,2000,691174
광주,남자,2001,700979
광주,남자,2002,710702
광주,남자,2003,716268
광주,남자,2004,721981
광주,남자,2005,722348
광주,남자,2006,723652
광주,남자,2007,727455
광주,남자,2008,731070
광주,남자,2009,737110
광주,남자,2010,743895
광주,남자,2011,748229
광주,남자,2012,748890
광주,남자,2013,748772
광주,남자,2014,749276
광주,남자,2015,750248
광주,남자,2016,747452
광주,남자,2017,744386
광주,남자,2018,743700
광주,남자,2019,743979
광주,남자,2020,741103
광주,남자,2021,737689
광주,남자,2022,733997
광주,남자,2023,730347
광주,남자,2024,726769
광주,남자,2025,723229
광주,남자,2026,719722
광주,남자,2027,716318
광주,남자,2028,712985
광주,남자,2029,709677
광주,남자,2030,706302
광주,남자,2031,702856
광주,남자,2032,699322
광주,남자,2033,695650
광주,남자,2034,691863
광주,남자,2035,687922
광주,남자,2036,683787
광주,남자,2037,679527
광주,남자,2038,675048
광주,남자,2039,670366
광주,남자,2040,665522
광주,남자,2041,660492
광주,남자,2042,655265
광주,남자,2043,649830
광주,남자,2044,644196
광주,남자,2045,638401
광주,남자,2046,632430
광주,남자,2047,626248
광주,여자,1970,316390
광주,여자,1971,326734
광주,여자,1972,337426
광주,여자,1973,347978
광주,여자,1974,358191
광주,여자,1975,368635
광주,여자,1976,380523
광주,여자,1977,392192
광주,여자,1978,403703
광주,여자,1979,415100
광주,여자,1980,426497
광주,여자,1981,446613
광주,여자,1982,467259
광주,여자,1983,486830
광주,여자,1984,503250
광주,여자,1985,518714
광주,여자,1986,524300
광주,여자,1987,528448
광주,여자,1988,534322
광주,여자,1989,545846
광주,여자,1990,559163
광주,여자,1991,574659
광주,여자,1992,590403
광주,여자,1993,605923
광주,여자,1994,621281
광주,여자,1995,636440
광주,여자,1996,646399
광주,여자,1997,658731
광주,여자,1998,670775
광주,여자,1999,680855
광주,여자,2000,691252
광주,여자,2001,700975
광주,여자,2002,710911
광주,여자,2003,715696
광주,여자,2004,722701
광주,여자,2005,723042
광주,여자,2006,724732
광주,여자,2007,728910
광주,여자,2008,734204
광주,여자,2009,742036
광주,여자,2010,749737
광주,여자,2011,753822
광주,여자,2012,754868
광주,여자,2013,755063
광주,여자,2014,755306
광주,여자,2015,755658
광주,여자,2016,754673
광주,여자,2017,751006
광주,여자,2018,749717
광주,여자,2019,749592
광주,여자,2020,746572
광주,여자,2021,743061
광주,여자,2022,739334
광주,여자,2023,735626
광주,여자,2024,732041
광주,여자,2025,728568
광주,여자,2026,725203
광주,여자,2027,721956
광주,여자,2028,718803
광주,여자,2029,715673
광주,여자,2030,712523
광주,여자,2031,709309
광주,여자,2032,706023
광주,여자,2033,702636
광주,여자,2034,699119
광주,여자,2035,695449
광주,여자,2036,691595
광주,여자,2037,687579
광주,여자,2038,683385
광주,여자,2039,679000
광주,여자,2040,674409
광주,여자,2041,669631
광주,여자,2042,664672
광주,여자,2043,659547
광주,여자,2044,654230
광주,여자,2045,648693
광주,여자,2046,642962
광주,여자,2047,637026
대전,계,1970,548414
대전,계,1971,569050
대전,계,1972,590072
대전,계,1973,610596
대전,계,1974,630981
대전,계,1975,650941
대전,계,1976,683582
대전,계,1977,716734
대전,계,1978,750442
대전,계,1979,784747
대전,계,1980,820076
대전,계,1981,842954
대전,계,1982,863535
대전,계,1983,887444
대전,계,1984,918722
대전,계,1985,951943
대전,계,1986,964457
대전,계,1987,973775
대전,계,1988,984042
대전,계,1989,1003113
대전,계,1990,1035986
대전,계,1991,1083721
대전,계,1992,1133067
대전,계,1993,1183308
대전,계,1994,1234568
대전,계,1995,1286844
대전,계,1996,1315028
대전,계,1997,1338886
대전,계,1998,1358370
대전,계,1999,1377545
대전,계,2000,1396869
대전,계,2001,1417579
대전,계,2002,1433562
대전,계,2003,1453216
대전,계,2004,1460948
대전,계,2005,1469868
대전,계,2006,1481261
대전,계,2007,1493931
대전,계,2008,1501152
대전,계,2009,1508164
대전,계,2010,1515009
대전,계,2011,1528356
대전,계,2012,1540136
대전,계,2013,1545232
대전,계,2014,1552692
대전,계,2015,1542394
대전,계,2016,1536169
대전,계,2017,1527784
대전,계,2018,1517902
대전,계,2019,1508753
대전,계,2020,1500215
대전,계,2021,1491385
대전,계,2022,1482642
대전,계,2023,1475306
대전,계,2024,1468567
대전,계,2025,1462379
대전,계,2026,1456733
대전,계,2027,1451626
대전,계,2028,1446983
대전,계,2029,1442563
대전,계,2030,1438205
대전,계,2031,1433861
대전,계,2032,1429446
대전,계,2033,1424917
대전,계,2034,1420205
대전,계,2035,1415284
대전,계,2036,1410063
대전,계,2037,1404519
대전,계,2038,1398625
대전,계,2039,1392286
대전,계,2040,1385541
대전,계,2041,1378342
대전,계,2042,1370693
대전,계,2043,1362567
대전,계,2044,1353957
대전,계,2045,1344798
대전,계,2046,1335153
대전,계,2047,1325032
대전,남자,1970,279395
대전,남자,1971,290064
대전,남자,1972,300524
대전,남자,1973,310444
대전,남자,1974,320348
대전,남자,1975,329559
대전,남자,1976,346513
대전,남자,1977,363789
대전,남자,1978,381371
대전,남자,1979,399314
대전,남자,1980,417863
대전,남자,1981,428622
대전,남자,1982,438186
대전,남자,1983,449408
대전,남자,1984,464304
대전,남자,1985,480166
대전,남자,1986,486947
대전,남자,1987,491902
대전,남자,1988,497476
대전,남자,1989,507545
대전,남자,1990,524795
대전,남자,1991,549046
대전,남자,1992,574129
대전,남자,1993,599714
대전,남자,1994,625851
대전,남자,1995,652533
대전,남자,1996,666733
대전,남자,1997,678960
대전,남자,1998,688009
대전,남자,1999,697467
대전,남자,2000,707268
대전,남자,2001,717052
대전,남자,2002,724650
대전,남자,2003,734101
대전,남자,2004,737335
대전,남자,2005,741066
대전,남자,2006,747032
대전,남자,2007,753095
대전,남자,2008,756237
대전,남자,2009,759350
대전,남자,2010,762913
대전,남자,2011,769470
대전,남자,2012,774514
대전,남자,2013,776298
대전,남자,2014,779597
대전,남자,2015,774512
대전,남자,2016,771514
대전,남자,2017,766620
대전,남자,2018,761618
대전,남자,2019,756933
대전,남자,2020,752488
대전,남자,2021,747868
대전,남자,2022,743267
대전,남자,2023,739336
대전,남자,2024,735657
대전,남자,2025,732223
대전,남자,2026,729077
대전,남자,2027,726186
대전,남자,2028,723509
대전,남자,2029,720919
대전,남자,2030,718336
대전,남자,2031,715751
대전,남자,2032,713114
대전,남자,2033,710429
대전,남자,2034,707643
대전,남자,2035,704748
대전,남자,2036,701707
대전,남자,2037,698517
대전,남자,2038,695142
대전,남자,2039,691562
대전,남자,2040,687785
대전,남자,2041,683803
대전,남자,2042,679619
대전,남자,2043,675205
대전,남자,2044,670582
대전,남자,2045,665712
대전,남자,2046,660608
대전,남자,2047,655289
대전,여자,1970,269019
대전,여자,1971,278986
대전,여자,1972,289548
대전,여자,1973,300152
대전,여자,1974,310633
대전,여자,1975,321382
대전,여자,1976,337069
대전,여자,1977,352945
대전,여자,1978,369071
대전,여자,1979,385433
대전,여자,1980,402213
대전,여자,1981,414332
대전,여자,1982,425349
대전,여자,1983,438036
대전,여자,1984,454418
대전,여자,1985,471777
대전,여자,1986,477510
대전,여자,1987,481873
대전,여자,1988,486566
대전,여자,1989,495568
대전,여자,1990,511191
대전,여자,1991,534675
대전,여자,1992,558938
대전,여자,1993,583594
대전,여자,1994,608717
대전,여자,1995,634311
대전,여자,1996,648295
대전,여자,1997,659926
대전,여자,1998,670361
대전,여자,1999,680078
대전,여자,2000,689601
대전,여자,2001,700527
대전,여자,2002,708912
대전,여자,2003,719115
대전,여자,2004,723613
대전,여자,2005,728802
대전,여자,2006,734229
대전,여자,2007,740836
대전,여자,2008,744915
대전,여자,2009,748814
대전,여자,2010,752096
대전,여자,2011,758886
대전,여자,2012,765622
대전,여자,2013,768934
대전,여자,2014,773095
대전,여자,2015,767882
대전,여자,2016,764655
대전,여자,2017,761164
대전,여자,2018,756284
대전,여자,2019,751820
대전,여자,2020,747727
대전,여자,2021,743517
대전,여자,2022,739375
대전,여자,2023,735970
대전,여자,2024,732910
대전,여자,2025,730156
대전,여자,2026,727656
대전,여자,2027,725440
대전,여자,2028,723474
대전,여자,2029,721644
대전,여자,2030,719869
대전,여자,2031,718110
대전,여자,2032,716332
대전,여자,2033,714488
대전,여자,2034,712562
대전,여자,2035,710536
대전,여자,2036,708356
대전,여자,2037,706002
대전,여자,2038,703483
대전,여자,2039,700724
대전,여자,2040,697756
대전,여자,2041,694539
대전,여자,2042,691074
대전,여자,2043,687362
대전,여자,2044,683375
대전,여자,2045,679086
대전,여자,2046,674545
대전,여자,2047,669743
울산,계,1970,282596
울산,계,1971,299698
울산,계,1972,317409
울산,계,1973,335799
울산,계,1974,355047
울산,계,1975,374958
울산,계,1976,404576
울산,계,1977,436035
울산,계,1978,469631
울산,계,1979,505843
울산,계,1980,545538
울산,계,1981,571376
울산,계,1982,597995
울산,계,1983,625084
울산,계,1984,651499
울산,계,1985,676257
울산,계,1986,686049
울산,계,1987,703284
울산,계,1988,730661
울산,계,1989,762359
울산,계,1990,794065
울산,계,1991,829234
울산,계,1992,865654
울산,계,1993,902858
울산,계,1994,940877
울산,계,1995,979606
울산,계,1996,998430
울산,계,1997,1015754
울산,계,1998,1023077
울산,계,1999,1026735
울산,계,2000,1035658
울산,계,2001,1046883
울산,계,2002,1056936
울산,계,2003,1062369
울산,계,2004,1067380
울산,계,2005,1071339
울산,계,2006,1076340
울산,계,2007,1079299
울산,계,2008,1091665
울산,계,2009,1098027
울산,계,2010,1099035
울산,계,2011,1112079
울산,계,2012,1124659
울산,계,2013,1137472
울산,계,2014,1151171
울산,계,2015,1163719
울산,계,2016,1166202
울산,계,2017,1158787
울산,계,2018,1154482
울산,계,2019,1146561
울산,계,2020,1139703
울산,계,2021,1132709
울산,계,2022,1125775
울산,계,2023,1122835
울산,계,2024,1119830
울산,계,2025,1116754
울산,계,2026,1113553
울산,계,2027,1110222
울산,계,2028,1106743
울산,계,2029,1102970
울산,계,2030,1098810
울산,계,2031,1094238
울산,계,2032,1089284
울산,계,2033,1083880
울산,계,2034,1078043
울산,계,2035,1071754
울산,계,2036,1065063
울산,계,2037,1058018
울산,계,2038,1050611
울산,계,2039,1042822
울산,계,2040,1034690
울산,계,2041,1026248
울산,계,2042,1017455
울산,계,2043,1008306
울산,계,2044,998776
울산,계,2045,988816
울산,계,2046,978481
울산,계,2047,967750
울산,남자,1970,144194
울산,남자,1971,153335
울산,남자,1972,162640
울산,남자,1973,172194
울산,남자,1974,182247
울산,남자,1975,192340
울산,남자,1976,208029
울산,남자,1977,224801
울산,남자,1978,242774
울산,남자,1979,262180
울산,남자,1980,283361
울산,남자,1981,296602
울산,남자,1982,310318
울산,남자,1983,324335
울산,남자,1984,337998
울산,남자,1985,350826
울산,남자,1986,355942
울산,남자,1987,364868
울산,남자,1988,379213
울산,남자,1989,395855
울산,남자,1990,412832
울산,남자,1991,430990
울산,남자,1992,449825
울산,남자,1993,469098
울산,남자,1994,488792
울산,남자,1995,508820
울산,남자,1996,518006
울산,남자,1997,526644
울산,남자,1998,529087
울산,남자,1999,530018
울산,남자,2000,534677
울산,남자,2001,541403
울산,남자,2002,546969
울산,남자,2003,550588
울산,남자,2004,553383
울산,남자,2005,554975
울산,남자,2006,558244
울산,남자,2007,560664
울산,남자,2008,568153
울산,남자,2009,571366
울산,남자,2010,571568
울산,남자,2011,578008
울산,남자,2012,584553
울산,남자,2013,591049
울산,남자,2014,598273
울산,남자,2015,605412
울산,남자,2016,605913
울산,남자,2017,600998
울산,남자,2018,598784
울산,남자,2019,594212
울산,남자,2020,590342
울산,남자,2021,586393
울산,남자,2022,582427
울산,남자,2023,580762
울산,남자,2024,579009
울산,남자,2025,577191
울산,남자,2026,575280
울산,남자,2027,573311
울산,남자,2028,571270
울산,남자,2029,569074
울산,남자,2030,566668
울산,남자,2031,564073
울산,남자,2032,561289
울산,남자,2033,558281
울산,남자,2034,555039
울산,남자,2035,551559
울산,남자,2036,547859
울산,남자,2037,543947
울산,남자,2038,539813
울산,남자,2039,535456
울산,남자,2040,530905
울산,남자,2041,526216
울산,남자,2042,521353
울산,남자,2043,516343
울산,남자,2044,511194
울산,남자,2045,505858
울산,남자,2046,500383
울산,남자,2047,494762
울산,여자,1970,138402
울산,여자,1971,146363
울산,여자,1972,154769
울산,여자,1973,163605
울산,여자,1974,172800
울산,여자,1975,182618
울산,여자,1976,196547
울산,여자,1977,211234
울산,여자,1978,226857
울산,여자,1979,243663
울산,여자,1980,262177
울산,여자,1981,274774
울산,여자,1982,287677
울산,여자,1983,300749
울산,여자,1984,313501
울산,여자,1985,325431
울산,여자,1986,330107
울산,여자,1987,338416
울산,여자,1988,351448
울산,여자,1989,366504
울산,여자,1990,381233
울산,여자,1991,398244
울산,여자,1992,415829
울산,여자,1993,433760
울산,여자,1994,452085
울산,여자,1995,470786
울산,여자,1996,480424
울산,여자,1997,489110
울산,여자,1998,493990
울산,여자,1999,496717
울산,여자,2000,500981
울산,여자,2001,505480
울산,여자,2002,509967
울산,여자,2003,511781
울산,여자,2004,513997
울산,여자,2005,516364
울산,여자,2006,518096
울산,여자,2007,518635
울산,여자,2008,523512
울산,여자,2009,526661
울산,여자,2010,527467
울산,여자,2011,534071
울산,여자,2012,540106
울산,여자,2013,546423
울산,여자,2014,552898
울산,여자,2015,558307
울산,여자,2016,560289
울산,여자,2017,557789
울산,여자,2018,555698
울산,여자,2019,552349
울산,여자,2020,549361
울산,여자,2021,546316
울산,여자,2022,543348
울산,여자,2023,542073
울산,여자,2024,540821
울산,여자,2025,539563
울산,여자,2026,538273
울산,여자,2027,536911
울산,여자,2028,535473
울산,여자,2029,533896
울산,여자,2030,532142
울산,여자,2031,530165
울산,여자,2032,527995
울산,여자,2033,525599
울산,여자,2034,523004
울산,여자,2035,520195
울산,여자,2036,517204
울산,여자,2037,514071
울산,여자,2038,510798
울산,여자,2039,507366
울산,여자,2040,503785
울산,여자,2041,500032
울산,여자,2042,496102
울산,여자,2043,491963
울산,여자,2044,487582
울산,여자,2045,482958
울산,여자,2046,478098
울산,여자,2047,472988
세종,계,2000,0
세종,계,2001,0
세종,계,2002,0
세종,계,2003,0
세종,계,2004,0
세종,계,2005,0
세종,계,2006,0
세종,계,2007,0
세종,계,2008,0
세종,계,2009,0
세종,계,2010,0
세종,계,2011,0
세종,계,2012,102157
세종,계,2013,118463
세종,계,2014,132437
세종,계,2015,187202
세종,계,2016,234410
세종,계,2017,265517
세종,계,2018,303582
세종,계,2019,331136
세종,계,2020,348867
세종,계,2021,365128
세종,계,2022,380290
세종,계,2023,395907
세종,계,2024,410614
세종,계,2025,424510
세종,계,2026,437698
세종,계,2027,450256
세종,계,2028,462221
세종,계,2029,473639
세종,계,2030,484497
세종,계,2031,494813
세종,계,2032,504581
세종,계,2033,513824
세종,계,2034,522535
세종,계,2035,530689
세종,계,2036,538338
세종,계,2037,545484
세종,계,2038,552135
세종,계,2039,558300
세종,계,2040,564035
세종,계,2041,569388
세종,계,2042,574387
세종,계,2043,579056
세종,계,2044,583416
세종,계,2045,587488
세종,계,2046,591259
세종,계,2047,594696
세종,남자,2000,0
세종,남자,2001,0
세종,남자,2002,0
세종,남자,2003,0
세종,남자,2004,0
세종,남자,2005,0
세종,남자,2006,0
세종,남자,2007,0
세종,남자,2008,0
세종,남자,2009,0
세종,남자,2010,0
세종,남자,2011,0
세종,남자,2012,52900
세종,남자,2013,61123
세종,남자,2014,68048
세종,남자,2015,94881
세종,남자,2016,118560
세종,남자,2017,133811
세종,남자,2018,152729
세종,남자,2019,166608
세종,남자,2020,175431
세종,남자,2021,183535
세종,남자,2022,191102
세종,남자,2023,198814
세종,남자,2024,206092
세종,남자,2025,212988
세종,남자,2026,219549
세종,남자,2027,225815
세종,남자,2028,231807
세종,남자,2029,237539
세종,남자,2030,243005
세종,남자,2031,248215
세종,남자,2032,253175
세종,남자,2033,257898
세종,남자,2034,262365
세종,남자,2035,266561
세종,남자,2036,270497
세종,남자,2037,274173
세종,남자,2038,277592
세종,남자,2039,280749
세종,남자,2040,283671
세종,남자,2041,286382
세종,남자,2042,288894
세종,남자,2043,291216
세종,남자,2044,293381
세종,남자,2045,295403
세종,남자,2046,297276
세종,남자,2047,298992
세종,여자,2000,0
세종,여자,2001,0
세종,여자,2002,0
세종,여자,2003,0
세종,여자,2004,0
세종,여자,2005,0
세종,여자,2006,0
세종,여자,2007,0
세종,여자,2008,0
세종,여자,2009,0
세종,여자,2010,0
세종,여자,2011,0
세종,여자,2012,49257
세종,여자,2013,57340
세종,여자,2014,64389
세종,여자,2015,92321
세종,여자,2016,115850
세종,여자,2017,131706
세종,여자,2018,150853
세종,여자,2019,164528
세종,여자,2020,173436
세종,여자,2021,181593
세종,여자,2022,189188
세종,여자,2023,197093
세종,여자,2024,204522
세종,여자,2025,211522
세종,여자,2026,218149
세종,여자,2027,224441
세종,여자,2028,230414
세종,여자,2029,236100
세종,여자,2030,241492
세종,여자,2031,246598
세종,여자,2032,251406
세종,여자,2033,255926
세종,여자,2034,260170
세종,여자,2035,264128
세종,여자,2036,267841
세종,여자,2037,271311
세종,여자,2038,274543
세종,여자,2039,277551
세종,여자,2040,280364
세종,여자,2041,283006
세종,여자,2042,285493
세종,여자,2043,287840
세종,여자,2044,290035
세종,여자,2045,292085
세종,여자,2046,293983
세종,여자,2047,295704
경기,계,1970,2636096
경기,계,1971,2732577
경기,계,1972,2829428
경기,계,1973,2926725
경기,계,1974,3025206
경기,계,1975,3124725
경기,계,1976,3249707
경기,계,1977,3376630
경기,계,1978,3505494
경기,계,1979,3637154
경기,계,1980,3774067
경기,계,1981,3876181
경기,계,1982,4022714
경기,계,1983,4247247
경기,계,1984,4480444
경기,계,1985,4696641
경기,계,1986,5001303
경기,계,1987,5291325
경기,계,1988,5499098
경기,계,1989,5690707
경기,계,1990,5972092
경기,계,1991,6294496
경기,계,1992,6634393
경기,계,1993,6987963
경기,계,1994,7355945
경기,계,1995,7737864
경기,계,1996,8131905
경기,계,1997,8449371
경기,계,1998,8681978
경기,계,1999,8892806
경기,계,2000,9146445
경기,계,2001,9451079
경기,계,2002,9813893
경기,계,2003,10149261
경기,계,2004,10415516
경기,계,2005,10625127
경기,계,2006,10853412
경기,계,2007,11056824
경기,계,2008,11266554
경기,계,2009,11413244
경기,계,2010,11618962
경기,계,2011,11825310
경기,계,2012,11974482
경기,계,2013,12126274
경기,계,2014,12282013
경기,계,2015,12423017
경기,계,2016,12600313
경기,계,2017,12785790
경기,계,2018,13031356
경기,계,2019,13237797
경기,계,2020,13405223
경기,계,2021,13554031
경기,계,2022,13689333
경기,계,2023,13785351
경기,계,2024,13874918
경기,계,2025,13958914
경기,계,2026,14037547
경기,계,2027,14110894
경기,계,2028,14178631
경기,계,2029,14239648
경기,계,2030,14293645
경기,계,2031,14340069
경기,계,2032,14378644
경기,계,2033,14409176
경기,계,2034,14431431
경기,계,2035,14445090
경기,계,2036,14450123
경기,계,2037,14446651
경기,계,2038,14434930
경기,계,2039,14415159
경기,계,2040,14387681
경기,계,2041,14352684
경기,계,2042,14310457
경기,계,2043,14260984
경기,계,2044,14204013
경기,계,2045,14139480
경기,계,2046,14067342
경기,계,2047,13987630
경기,남자,1970,1333474
경기,남자,1971,1383423
경기,남자,1972,1431085
경기,남자,1973,1477871
경기,남자,1974,1525576
경기,남자,1975,1571451
경기,남자,1976,1635693
경기,남자,1977,1701077
경기,남자,1978,1767513
경기,남자,1979,1835609
경기,남자,1980,1906744
경기,남자,1981,1958955
경기,남자,1982,2033715
경기,남자,1983,2148239
경기,남자,1984,2267550
경기,남자,1985,2379231
경기,남자,1986,2531145
경기,남자,1987,2674949
경기,남자,1988,2778384
경기,남자,1989,2874099
경기,남자,1990,3017748
경기,남자,1991,3182537
경기,남자,1992,3356131
경기,남자,1993,3536996
경기,남자,1994,3725515
경기,남자,1995,3921415
경기,남자,1996,4122997
경기,남자,1997,4285048
경기,남자,1998,4396378
경기,남자,1999,4499333
경기,남자,2000,4630358
경기,남자,2001,4789459
경기,남자,2002,4973676
경기,남자,2003,5145856
경기,남자,2004,5280598
경기,남자,2005,5385497
경기,남자,2006,5504138
경기,남자,2007,5610309
경기,남자,2008,5716511
경기,남자,2009,5785465
경기,남자,2010,5888330
경기,남자,2011,5991599
경기,남자,2012,6060641
경기,남자,2013,6131745
경기,남자,2014,6209792
경기,남자,2015,6282002
경기,남자,2016,6367061
경기,남자,2017,6467424
경기,남자,2018,6597907
경기,남자,2019,6707102
경기,남자,2020,6793392
경기,남자,2021,6869092
경기,남자,2022,6936963
경기,남자,2023,6982523
경기,남자,2024,7024376
경기,남자,2025,7063120
경기,남자,2026,7098978
경기,남자,2027,7131994
경기,남자,2028,7162011
경기,남자,2029,7188546
경기,남자,2030,7211331
경기,남자,2031,7230256
경기,남자,2032,7245228
경기,남자,2033,7256149
경기,남자,2034,7262864
경기,남자,2035,7265075
경기,남자,2036,7262858
경기,남자,2037,7256310
경기,남자,2038,7245464
경기,남자,2039,7230370
경기,남자,2040,7211354
경기,남자,2041,7188641
경기,남자,2042,7162264
경기,남자,2043,7132306
경기,남자,2044,7098688
경기,남자,2045,7061493
경기,남자,2046,7020757
경기,남자,2047,6976440
경기,여자,1970,1302622
경기,여자,1971,1349154
경기,여자,1972,1398343
경기,여자,1973,1448854
경기,여자,1974,1499630
경기,여자,1975,1553274
경기,여자,1976,1614014
경기,여자,1977,1675553
경기,여자,1978,1737981
경기,여자,1979,1801545
경기,여자,1980,1867323
경기,여자,1981,1917226
경기,여자,1982,1988999
경기,여자,1983,2099008
경기,여자,1984,2212894
경기,여자,1985,2317410
경기,여자,1986,2470158
경기,여자,1987,2616376
경기,여자,1988,2720714
경기,여자,1989,2816608
경기,여자,1990,2954344
경기,여자,1991,3111959
경기,여자,1992,3278262
경기,여자,1993,3450967
경기,여자,1994,3630430
경기,여자,1995,3816449
경기,여자,1996,4008908
경기,여자,1997,4164323
경기,여자,1998,4285600
경기,여자,1999,4393473
경기,여자,2000,4516087
경기,여자,2001,4661620
경기,여자,2002,4840217
경기,여자,2003,5003405
경기,여자,2004,5134918
경기,여자,2005,5239630
경기,여자,2006,5349274
경기,여자,2007,5446515
경기,여자,2008,5550043
경기,여자,2009,5627779
경기,여자,2010,5730632
경기,여자,2011,5833711
경기,여자,2012,5913841
경기,여자,2013,5994529
경기,여자,2014,6072221
경기,여자,2015,6141015
경기,여자,2016,6233252
경기,여자,2017,6318366
경기,여자,2018,6433449
경기,여자,2019,6530695
경기,여자,2020,6611831
경기,여자,2021,6684939
경기,여자,2022,6752370
경기,여자,2023,6802828
경기,여자,2024,6850542
경기,여자,2025,6895794
경기,여자,2026,6938569
경기,여자,2027,6978900
경기,여자,2028,7016620
경기,여자,2029,7051102
경기,여자,2030,7082314
경기,여자,2031,7109813
경기,여자,2032,7133416
경기,여자,2033,7153027
경기,여자,2034,7168567
경기,여자,2035,7180015
경기,여자,2036,7187265
경기,여자,2037,7190341
경기,여자,2038,7189466
경기,여자,2039,7184789
경기,여자,2040,7176327
경기,여자,2041,7164043
경기,여자,2042,7148193
경기,여자,2043,7128678
경기,여자,2044,7105325
경기,여자,2045,7077987
경기,여자,2046,7046585
경기,여자,2047,7011190
강원,계,1970,1913786
강원,계,1971,1914127
강원,계,1972,1912413
강원,계,1973,1907958
강원,계,1974,1901603
강원,계,1975,1892974
강원,계,1976,1881368
강원,계,1977,1868787
강원,계,1978,1854385
강원,계,1979,1839084
강원,계,1980,1824032
강원,계,1981,1819806
강원,계,1982,1814259
강원,계,1983,1795868
강원,계,1984,1766197
강원,계,1985,1740348
강원,계,1986,1720598
강원,계,1987,1692120
강원,계,1988,1653464
강원,계,1989,1607158
강원,계,1990,1561838
강원,계,1991,1546504
강원,계,1992,1531591
강원,계,1993,1515652
강원,계,1994,1498849
강원,계,1995,1481781
강원,계,1996,1483026
강원,계,1997,1489229
강원,계,1998,1501714
강원,계,1999,1512746
강원,계,2000,1515605
강원,계,2001,1516664
강원,계,2002,1510448
강원,계,2003,1501318
강원,계,2004,1496907
강원,계,2005,1488881
강원,계,2006,1481855
강원,계,2007,1476484
강원,계,2008,1480389
강원,계,2009,1485148
강원,계,2010,1488794
강원,계,2011,1497944
강원,계,2012,1504234
강원,계,2013,1505686
강원,계,2014,1510198
강원,계,2015,1516636
강원,계,2016,1520686
강원,계,2017,1520879
강원,계,2018,1520816
강원,계,2019,1516629
강원,계,2020,1515112
강원,계,2021,1513263
강원,계,2022,1511432
강원,계,2023,1511671
강원,계,2024,1512075
강원,계,2025,1512667
강원,계,2026,1513521
강원,계,2027,1514712
강원,계,2028,1516185
강원,계,2029,1517755
강원,계,2030,1519322
강원,계,2031,1520806
강원,계,2032,1522062
강원,계,2033,1522968
강원,계,2034,1523425
강원,계,2035,1523392
강원,계,2036,1522722
강원,계,2037,1521376
강원,계,2038,1519367
강원,계,2039,1516683
강원,계,2040,1513324
강원,계,2041,1509350
강원,계,2042,1504788
강원,계,2043,1499621
강원,계,2044,1493836
강원,계,2045,1487360
강원,계,2046,1480123
강원,계,2047,1472155
강원,남자,1970,984821
강원,남자,1971,986296
강원,남자,1972,984990
강원,남자,1973,981784
강원,남자,1974,978003
강원,남자,1975,972070
강원,남자,1976,966392
강원,남자,1977,960192
강원,남자,1978,953040
강원,남자,1979,945399
강원,남자,1980,937969
강원,남자,1981,935761
강원,남자,1982,932884
강원,남자,1983,923325
강원,남자,1984,907988
강원,남자,1985,894828
강원,남자,1986,882825
강원,남자,1987,866096
강원,남자,1988,844455
강원,남자,1989,819111
강원,남자,1990,794600
강원,남자,1991,786213
강원,남자,1992,777992
강원,남자,1993,769263
강원,남자,1994,760102
강원,남자,1995,750848
강원,남자,1996,750592
강원,남자,1997,753190
강원,남자,1998,758827
강원,남자,1999,763790
강원,남자,2000,764311
강원,남자,2001,764417
강원,남자,2002,761242
강원,남자,2003,757473
강원,남자,2004,756039
강원,남자,2005,752204
강원,남자,2006,748942
강원,남자,2007,746613
강원,남자,2008,749398
강원,남자,2009,751832
강원,남자,2010,753379
강원,남자,2011,757935
강원,남자,2012,761014
강원,남자,2013,760774
강원,남자,2014,763051
강원,남자,2015,767652
강원,남자,2016,769110
강원,남자,2017,768854
강원,남자,2018,768694
강원,남자,2019,766033
강원,남자,2020,764926
강원,남자,2021,763685
강원,남자,2022,762463
강원,남자,2023,762616
강원,남자,2024,762790
강원,남자,2025,763000
강원,남자,2026,763295
강원,남자,2027,763740
강원,남자,2028,764340
강원,남자,2029,765031
강원,남자,2030,765756
강원,남자,2031,766476
강원,남자,2032,767094
강원,남자,2033,767527
강원,남자,2034,767720
강원,남자,2035,767629
강원,남자,2036,767179
강원,남자,2037,766310
강원,남자,2038,765058
강원,남자,2039,763407
강원,남자,2040,761345
강원,남자,2041,758923
강원,남자,2042,756154
강원,남자,2043,753072
강원,남자,2044,749711
강원,남자,2045,746037
강원,남자,2046,742054
강원,남자,2047,737771
강원,여자,1970,928965
강원,여자,1971,927831
강원,여자,1972,927423
강원,여자,1973,926174
강원,여자,1974,923600
강원,여자,1975,920904
강원,여자,1976,914976
강원,여자,1977,908595
강원,여자,1978,901345
강원,여자,1979,893685
강원,여자,1980,886063
강원,여자,1981,884045
강원,여자,1982,881375
강원,여자,1983,872543
강원,여자,1984,858209
강원,여자,1985,845520
강원,여자,1986,837773
강원,여자,1987,826024
강원,여자,1988,809009
강원,여자,1989,788047
강원,여자,1990,767238
강원,여자,1991,760291
강원,여자,1992,753599
강원,여자,1993,746389
강원,여자,1994,738747
강원,여자,1995,730933
강원,여자,1996,732434
강원,여자,1997,736039
강원,여자,1998,742887
강원,여자,1999,748956
강원,여자,2000,751294
강원,여자,2001,752247
강원,여자,2002,749206
강원,여자,2003,743845
강원,여자,2004,740868
강원,여자,2005,736677
강원,여자,2006,732913
강원,여자,2007,729871
강원,여자,2008,730991
강원,여자,2009,733316
강원,여자,2010,735415
강원,여자,2011,740009
강원,여자,2012,743220
강원,여자,2013,744912
강원,여자,2014,747147
강원,여자,2015,748984
강원,여자,2016,751576
강원,여자,2017,752025
강원,여자,2018,752122
강원,여자,2019,750596
강원,여자,2020,750186
강원,여자,2021,749578
강원,여자,2022,748969
강원,여자,2023,749055
강원,여자,2024,749285
강원,여자,2025,749667
강원,여자,2026,750226
강원,여자,2027,750972
강원,여자,2028,751845
강원,여자,2029,752724
강원,여자,2030,753566
강원,여자,2031,754330
강원,여자,2032,754968
강원,여자,2033,755441
강원,여자,2034,755705
강원,여자,2035,755763
강원,여자,2036,755543
강원,여자,2037,755066
강원,여자,2038,754309
강원,여자,2039,753276
강원,여자,2040,751979
강원,여자,2041,750427
강원,여자,2042,748634
강원,여자,2043,746549
강원,여자,2044,744125
강원,여자,2045,741323
강원,여자,2046,738069
강원,여자,2047,734384
충북,계,1970,1516178
충북,계,1971,1525475
충북,계,1972,1531955
충북,계,1973,1537267
충북,계,1974,1541609
충북,계,1975,1546369
충북,계,1976,1529420
충북,계,1977,1511115
충북,계,1978,1491150
충북,계,1979,1470423
충북,계,1980,1449745
충북,계,1981,1445633
충북,계,1982,1441172
충북,계,1983,1431592
충북,계,1984,1415867
충북,계,1985,1402992
충북,계,1986,1396956
충북,계,1987,1390268
충북,계,1988,1380691
충북,계,1989,1373390
충북,계,1990,1373711
충북,계,1991,1382888
충북,계,1992,1391971
충북,계,1993,1399655
충북,계,1994,1406139
충북,계,1995,1411922
충북,계,1996,1431461
충북,계,1997,1451658
충북,계,1998,1469263
충북,계,1999,1483466
충북,계,2000,1494377
충북,계,2001,1499275
충북,계,2002,1495860
충북,계,2003,1491154
충북,계,2004,1490640
충북,계,2005,1484736
충북,계,2006,1486522
충북,계,2007,1494268
충북,계,2008,1508721
충북,계,2009,1517120
충북,계,2010,1524279
충북,계,2011,1545214
충북,계,2012,1553478
충북,계,2013,1564816
충북,계,2014,1578403
충북,계,2015,1589264
충북,계,2016,1600904
충북,계,2017,1609061
충북,계,2018,1618877
충북,계,2019,1625607
충북,계,2020,1631549
충북,계,2021,1636464
충북,계,2022,1640894
충북,계,2023,1644880
충북,계,2024,1648941
충북,계,2025,1653104
충북,계,2026,1657342
충북,계,2027,1661652
충북,계,2028,1665957
충북,계,2029,1670006
충북,계,2030,1673717
충북,계,2031,1677043
충북,계,2032,1679874
충북,계,2033,1682127
충북,계,2034,1683717
충북,계,2035,1684606
충북,계,2036,1684728
충북,계,2037,1684079
충북,계,2038,1682656
충북,계,2039,1680470
충북,계,2040,1677521
충북,계,2041,1673825
충북,계,2042,1669399
충북,계,2043,1664193
충북,계,2044,1658169
충북,계,2045,1651237
충북,계,2046,1643374
충북,계,2047,1634578
충북,남자,1970,777194
충북,남자,1971,783002
충북,남자,1972,786064
충북,남자,1973,788010
충북,남자,1974,789773
충북,남자,1975,790744
충북,남자,1976,782524
충북,남자,1977,773376
충북,남자,1978,763278
충북,남자,1979,752717
충북,남자,1980,742180
충북,남자,1981,740098
충북,남자,1982,737767
충북,남자,1983,732704
충북,남자,1984,724468
충북,남자,1985,717824
충북,남자,1986,712225
충북,남자,1987,706068
충북,남자,1988,698702
충북,남자,1989,692648
충북,남자,1990,690514
충북,남자,1991,695181
충북,남자,1992,699768
충북,남자,1993,703683
충북,남자,1994,707025
충북,남자,1995,710042
충북,남자,1996,720045
충북,남자,1997,730642
충북,남자,1998,739090
충북,남자,1999,746442
충북,남자,2000,752652
충북,남자,2001,755693
충북,남자,2002,754315
충북,남자,2003,752491
충북,남자,2004,753438
충북,남자,2005,751160
충북,남자,2006,752330
충북,남자,2007,756126
충북,남자,2008,763129
충북,남자,2009,767087
충북,남자,2010,770536
충북,남자,2011,781367
충북,남자,2012,785564
충북,남자,2013,791388
충북,남자,2014,798861
충북,남자,2015,805198
충북,남자,2016,812339
충북,남자,2017,817342
충북,남자,2018,824215
충북,남자,2019,829318
충북,남자,2020,833435
충북,남자,2021,836905
충북,남자,2022,839986
충북,남자,2023,842406
충북,남자,2024,844806
충북,남자,2025,847210
충북,남자,2026,849619
충북,남자,2027,852006
충북,남자,2028,854353
충북,남자,2029,856534
충북,남자,2030,858503
충북,남자,2031,860243
충북,남자,2032,861688
충북,남자,2033,862815
충북,남자,2034,863578
충북,남자,2035,863925
충북,남자,2036,863843
충북,남자,2037,863313
충북,남자,2038,862326
충북,남자,2039,860901
충북,남자,2040,859050
충북,남자,2041,856789
충북,남자,2042,854126
충북,남자,2043,851062
충북,남자,2044,847590
충북,남자,2045,843680
충북,남자,2046,839343
충북,남자,2047,834570
충북,여자,1970,738984
충북,여자,1971,742473
충북,여자,1972,745891
충북,여자,1973,749257
충북,여자,1974,751836
충북,여자,1975,755625
충북,여자,1976,746896
충북,여자,1977,737739
충북,여자,1978,727872
충북,여자,1979,717706
충북,여자,1980,707565
충북,여자,1981,705535
충북,여자,1982,703405
충북,여자,1983,698888
충북,여자,1984,691399
충북,여자,1985,685168
충북,여자,1986,684731
충북,여자,1987,684200
충북,여자,1988,681989
충북,여자,1989,680742
충북,여자,1990,683197
충북,여자,1991,687707
충북,여자,1992,692203
충북,여자,1993,695972
충북,여자,1994,699114
충북,여자,1995,701880
충북,여자,1996,711416
충북,여자,1997,721016
충북,여자,1998,730173
충북,여자,1999,737024
충북,여자,2000,741725
충북,여자,2001,743582
충북,여자,2002,741545
충북,여자,2003,738663
충북,여자,2004,737202
충북,여자,2005,733576
충북,여자,2006,734192
충북,여자,2007,738142
충북,여자,2008,745592
충북,여자,2009,750033
충북,여자,2010,753743
충북,여자,2011,763847
충북,여자,2012,767914
충북,여자,2013,773428
충북,여자,2014,779542
충북,여자,2015,784066
충북,여자,2016,788565
충북,여자,2017,791719
충북,여자,2018,794662
충북,여자,2019,796289
충북,여자,2020,798114
충북,여자,2021,799559
충북,여자,2022,800908
충북,여자,2023,802474
충북,여자,2024,804135
충북,여자,2025,805894
충북,여자,2026,807723
충북,여자,2027,809646
충북,여자,2028,811604
충북,여자,2029,813472
충북,여자,2030,815214
충북,여자,2031,816800
충북,여자,2032,818186
충북,여자,2033,819312
충북,여자,2034,820139
충북,여자,2035,820681
충북,여자,2036,820885
충북,여자,2037,820766
충북,여자,2038,820330
충북,여자,2039,819569
충북,여자,2040,818471
충북,여자,2041,817036
충북,여자,2042,815273
충북,여자,2043,813131
충북,여자,2044,810579
충북,여자,2045,807557
충북,여자,2046,804031
충북,여자,2047,800008
충남,계,1970,2379036
충남,계,1971,2378826
충남,계,1972,2373288
충남,계,1973,2365356
충남,계,1974,2355444
충남,계,1975,2345734
충남,계,1976,2318148
충남,계,1977,2288734
충남,계,1978,2256934
충남,계,1979,2223976
충남,계,1980,2190545
충남,계,1981,2182226
충남,계,1982,2171701
충남,계,1983,2150917
충남,계,1984,2111756
충남,계,1985,2075176
충남,계,1986,2065757
충남,계,1987,2055673
충남,계,1988,2039638
충남,계,1989,2017902
충남,계,1990,1991931
충남,계,1991,1949365
충남,계,1992,1908054
충남,계,1993,1866413
충남,계,1994,1824910
충남,계,1995,1784205
충남,계,1996,1804044
충남,계,1997,1831009
충남,계,1998,1854333
충남,계,1999,1869746
충남,계,2000,1879274
충남,계,2001,1881811
충남,계,2002,1876693
충남,계,2003,1871998
충남,계,2004,1891842
충남,계,2005,1918287
충남,계,2006,1942739
충남,계,2007,1972847
충남,계,2008,2012542
충남,계,2009,2040220
충남,계,2010,2077637
충남,계,2011,2108370
충남,계,2012,2042689
충남,계,2013,2062301
충남,계,2014,2087600
충남,계,2015,2102811
충남,계,2016,2126174
충남,계,2017,2153380
충남,계,2018,2179663
충남,계,2019,2187752
충남,계,2020,2204431
충남,계,2021,2219256
충남,계,2022,2232940
충남,계,2023,2244828
충남,계,2024,2256426
충남,계,2025,2267768
충남,계,2026,2278956
충남,계,2027,2289927
충남,계,2028,2300602
충남,계,2029,2310586
충남,계,2030,2319756
충남,계,2031,2328085
충남,계,2032,2335505
충남,계,2033,2341960
충남,계,2034,2347367
충남,계,2035,2351726
충남,계,2036,2355031
충남,계,2037,2357240
충남,계,2038,2358357
충남,계,2039,2358391
충남,계,2040,2357312
충남,계,2041,2355229
충남,계,2042,2352094
충남,계,2043,2347822
충남,계,2044,2342363
충남,계,2045,2335599
충남,계,2046,2327430
충남,계,2047,2317884
충남,남자,1970,1211081
충남,남자,1971,1213382
충남,남자,1972,1211128
충남,남자,1973,1206816
충남,남자,1974,1202034
충남,남자,1975,1195744
충남,남자,1976,1181040
충남,남자,1977,1165042
충남,남자,1978,1147703
충남,남자,1979,1129652
충남,남자,1980,1111355
충남,남자,1981,1107841
충남,남자,1982,1103205
충남,남자,1983,1093171
충남,남자,1984,1073625
충남,남자,1985,1055354
충남,남자,1986,1050364
충남,남자,1987,1044605
충남,남자,1988,1036163
충남,남자,1989,1025127
충남,남자,1990,1012046
충남,남자,1991,989139
충남,남자,1992,966787
충남,남자,1993,944278
충남,남자,1994,921827
충남,남자,1995,899771
충남,남자,1996,909255
충남,남자,1997,923082
충남,남자,1998,934466
충남,남자,1999,942671
충남,남자,2000,947749
충남,남자,2001,950081
충남,남자,2002,947804
충남,남자,2003,946149
충남,남자,2004,957849
충남,남자,2005,972470
충남,남자,2006,987575
충남,남자,2007,1005597
충남,남자,2008,1027536
충남,남자,2009,1042021
충남,남자,2010,1061525
충남,남자,2011,1077734
충남,남자,2012,1042996
충남,남자,2013,1053128
충남,남자,2014,1067014
충남,남자,2015,1075649
충남,남자,2016,1087515
충남,남자,2017,1103324
충남,남자,2018,1118897
충남,남자,2019,1124857
충남,남자,2020,1134802
충남,남자,2021,1143675
충남,남자,2022,1151823
충남,남자,2023,1158679
충남,남자,2024,1165246
충남,남자,2025,1171571
충남,남자,2026,1177734
충남,남자,2027,1183707
충남,남자,2028,1189450
충남,남자,2029,1194753
충남,남자,2030,1199524
충남,남자,2031,1203806
충남,남자,2032,1207549
충남,남자,2033,1210729
충남,남자,2034,1213300
충남,남자,2035,1215281
충남,남자,2036,1216651
충남,남자,2037,1217370
충남,남자,2038,1217442
충남,남자,2039,1216873
충남,남자,2040,1215670
충남,남자,2041,1213903
충남,남자,2042,1211546
충남,남자,2043,1208568
충남,남자,2044,1204982
충남,남자,2045,1200733
충남,남자,2046,1195793
충남,남자,2047,1190162
충남,여자,1970,1167955
충남,여자,1971,1165444
충남,여자,1972,1162160
충남,여자,1973,1158540
충남,여자,1974,1153410
충남,여자,1975,1149990
충남,여자,1976,1137108
충남,여자,1977,1123692
충남,여자,1978,1109231
충남,여자,1979,1094324
충남,여자,1980,1079190
충남,여자,1981,1074385
충남,여자,1982,1068496
충남,여자,1983,1057746
충남,여자,1984,1038131
충남,여자,1985,1019822
충남,여자,1986,1015393
충남,여자,1987,1011068
충남,여자,1988,1003475
충남,여자,1989,992775
충남,여자,1990,979885
충남,여자,1991,960226
충남,여자,1992,941267
충남,여자,1993,922135
충남,여자,1994,903083
충남,여자,1995,884434
충남,여자,1996,894789
충남,여자,1997,907927
충남,여자,1998,919867
충남,여자,1999,927075
충남,여자,2000,931525
충남,여자,2001,931730
충남,여자,2002,928889
충남,여자,2003,925849
충남,여자,2004,933993
충남,여자,2005,945817
충남,여자,2006,955164
충남,여자,2007,967250
충남,여자,2008,985006
충남,여자,2009,998199
충남,여자,2010,1016112
충남,여자,2011,1030636
충남,여자,2012,999693
충남,여자,2013,1009173
충남,여자,2014,1020586
충남,여자,2015,1027162
충남,여자,2016,1038659
충남,여자,2017,1050056
충남,여자,2018,1060766
충남,여자,2019,1062895
충남,여자,2020,1069629
충남,여자,2021,1075581
충남,여자,2022,1081117
충남,여자,2023,1086149
충남,여자,2024,1091180
충남,여자,2025,1096197
충남,여자,2026,1101222
충남,여자,2027,1106220
충남,여자,2028,1111152
충남,여자,2029,1115833
충남,여자,2030,1120232
충남,여자,2031,1124279
충남,여자,2032,1127956
충남,여자,2033,1131231
충남,여자,2034,1134067
충남,여자,2035,1136445
충남,여자,2036,1138380
충남,여자,2037,1139870
충남,여자,2038,1140915
충남,여자,2039,1141518
충남,여자,2040,1141642
충남,여자,2041,1141326
충남,여자,2042,1140548
충남,여자,2043,1139254
충남,여자,2044,1137381
충남,여자,2045,1134866
충남,여자,2046,1131637
충남,여자,2047,1127722
전북,계,1970,2490827
전북,계,1971,2500550
전북,계,1972,2504520
전북,계,1973,2504720
전북,계,1974,2502135
전북,계,1975,2497939
전북,계,1976,2467539
전북,계,1977,2435475
전북,계,1978,2401025
전북,계,1979,2365415
전북,계,1980,2329212
전북,계,1981,2318333
전북,계,1982,2312381
전북,계,1983,2290808
전북,계,1984,2255009
전북,계,1985,2220652
전북,계,1986,2188385
전북,계,1987,2152542
전북,계,1988,2116257
전북,계,1989,2080489
전북,계,1990,2046776
전북,계,1991,2022381
전북,계,1992,1998601
전북,계,1993,1973714
전북,계,1994,1948022
전북,계,1995,1921970
전북,계,1996,1923449
전북,계,1997,1922565
전북,계,1998,1924972
전북,계,1999,1929570
전북,계,2000,1927005
전북,계,2001,1916308
전북,계,2002,1895902
전북,계,2003,1870827
전북,계,2004,1843031
전북,계,2005,1816604
전북,계,2006,1801414
전북,계,2007,1791609
전북,계,2008,1788455
전북,계,2009,1791713
전북,계,2010,1795819
전북,계,2011,1808733
전북,계,2012,1817430
전북,계,2013,1820969
전북,계,2014,1829437
전북,계,2015,1835125
전북,계,2016,1835243
전북,계,2017,1828527
전북,계,2018,1820168
전북,계,2019,1803291
전북,계,2020,1792292
전북,계,2021,1780930
전북,계,2022,1769649
전북,계,2023,1761850
전북,계,2024,1754387
전북,계,2025,1747329
전북,계,2026,1740721
전북,계,2027,1734620
전북,계,2028,1729026
전북,계,2029,1723692
전북,계,2030,1718458
전북,계,2031,1713249
전북,계,2032,1708001
전북,계,2033,1702583
전북,계,2034,1696873
전북,계,2035,1690804
전북,계,2036,1684355
전북,계,2037,1677528
전북,계,2038,1670266
전북,계,2039,1662525
전북,계,2040,1654350
전북,계,2041,1645741
전북,계,2042,1636711
전북,계,2043,1627247
전북,계,2044,1617249
전북,계,2045,1606635
전북,계,2046,1595351
전북,계,2047,1583371
전북,남자,1970,1254387
전북,남자,1971,1261585
전북,남자,1972,1264240
전북,남자,1973,1263955
전북,남자,1974,1262709
전북,남자,1975,1258653
전북,남자,1976,1243522
전북,남자,1977,1227387
전북,남자,1978,1209994
전북,남자,1979,1191894
전북,남자,1980,1173496
전북,남자,1981,1167992
전북,남자,1982,1164920
전북,남자,1983,1153818
전북,남자,1984,1135410
전북,남자,1985,1117674
전북,남자,1986,1099703
전북,남자,1987,1079370
전북,남자,1988,1059102
전북,남자,1989,1039337
전북,남자,1990,1020617
전북,남자,1991,1007855
전북,남자,1992,995373
전북,남자,1993,982379
전북,남자,1994,968984
전북,남자,1995,955405
전북,남자,1996,956197
전북,남자,1997,956062
전북,남자,1998,957106
전북,남자,1999,959646
전북,남자,2000,958211
전북,남자,2001,952454
전북,남자,2002,941519
전북,남자,2003,928990
전북,남자,2004,915132
전북,남자,2005,901531
전북,남자,2006,893276
전북,남자,2007,887621
전북,남자,2008,885099
전북,남자,2009,886090
전북,남자,2010,887155
전북,남자,2011,896178
전북,남자,2012,902355
전북,남자,2013,905581
전북,남자,2014,911507
전북,남자,2015,916353
전북,남자,2016,916567
전북,남자,2017,912675
전북,남자,2018,908692
전북,남자,2019,900549
전북,남자,2020,895200
전북,남자,2021,889609
전북,남자,2022,884003
전북,남자,2023,880058
전북,남자,2024,876269
전북,남자,2025,872667
전북,남자,2026,869279
전북,남자,2027,866171
전북,남자,2028,863339
전북,남자,2029,860672
전북,남자,2030,858053
전북,남자,2031,855454
전북,남자,2032,852823
전북,남자,2033,850097
전북,남자,2034,847180
전북,남자,2035,844042
전북,남자,2036,840657
전북,남자,2037,837040
전북,남자,2038,833140
전북,남자,2039,828941
전북,남자,2040,824479
전북,남자,2041,819789
전북,남자,2042,814870
전북,남자,2043,809730
전북,남자,2044,804335
전북,남자,2045,798656
전북,남자,2046,792687
전북,남자,2047,786392
전북,여자,1970,1236440
전북,여자,1971,1238965
전북,여자,1972,1240280
전북,여자,1973,1240765
전북,여자,1974,1239426
전북,여자,1975,1239286
전북,여자,1976,1224017
전북,여자,1977,1208088
전북,여자,1978,1191031
전북,여자,1979,1173521
전북,여자,1980,1155716
전북,여자,1981,1150341
전북,여자,1982,1147461
전북,여자,1983,1136990
전북,여자,1984,1119599
전북,여자,1985,1102978
전북,여자,1986,1088682
전북,여자,1987,1073172
전북,여자,1988,1057155
전북,여자,1989,1041152
전북,여자,1990,1026159
전북,여자,1991,1014526
전북,여자,1992,1003228
전북,여자,1993,991335
전북,여자,1994,979038
전북,여자,1995,966565
전북,여자,1996,967252
전북,여자,1997,966503
전북,여자,1998,967866
전북,여자,1999,969924
전북,여자,2000,968794
전북,여자,2001,963854
전북,여자,2002,954383
전북,여자,2003,941837
전북,여자,2004,927899
전북,여자,2005,915073
전북,여자,2006,908138
전북,여자,2007,903988
전북,여자,2008,903356
전북,여자,2009,905623
전북,여자,2010,908664
전북,여자,2011,912555
전북,여자,2012,915075
전북,여자,2013,915388
전북,여자,2014,917930
전북,여자,2015,918772
전북,여자,2016,918676
전북,여자,2017,915852
전북,여자,2018,911476
전북,여자,2019,902742
전북,여자,2020,897092
전북,여자,2021,891321
전북,여자,2022,885646
전북,여자,2023,881792
전북,여자,2024,878118
전북,여자,2025,874662
전북,여자,2026,871442
전북,여자,2027,868449
전북,여자,2028,865687
전북,여자,2029,863020
전북,여자,2030,860405
전북,여자,2031,857795
전북,여자,2032,855178
전북,여자,2033,852486
전북,여자,2034,849693
전북,여자,2035,846762
전북,여자,2036,843698
전북,여자,2037,840488
전북,여자,2038,837126
전북,여자,2039,833584
전북,여자,2040,829871
전북,여자,2041,825952
전북,여자,2042,821841
전북,여자,2043,817517
전북,여자,2044,812914
전북,여자,2045,807979
전북,여자,2046,802664
전북,여자,2047,796979
전남,계,1970,3449700
전남,계,1971,3429961
전남,계,1972,3402083
전남,계,1973,3370108
전남,계,1974,3335012
전남,계,1975,3300224
전남,계,1976,3237096
전남,계,1977,3172936
전남,계,1978,3106217
전남,계,1979,3039648
전남,계,1980,2974055
전남,계,1981,2936533
전남,계,1982,2899160
전남,계,1983,2848110
전남,계,1984,2785929
전남,계,1985,2728625
전남,계,1986,2701267
전남,계,1987,2659003
전남,계,1988,2599288
전남,계,1989,2538596
전남,계,1990,2480439
전남,계,1991,2395539
전남,계,1992,2315133
전남,계,1993,2236940
전남,계,1994,2161269
전남,계,1995,2088701
전남,계,1996,2077343
전남,계,1997,2065371
전남,계,1998,2060842
전남,계,1999,2055210
전남,계,2000,2034970
전남,계,2001,2011610
전남,계,2002,1962797
전남,계,2003,1928685
전남,계,2004,1881050
전남,계,2005,1851257
전남,계,2006,1829648
전남,계,2007,1805854
전남,계,2008,1794149
전남,계,2009,1785309
전남,계,2010,1777282
전남,계,2011,1778593
전남,계,2012,1782361
전남,계,2013,1783896
전남,계,2014,1791887
전남,계,2015,1796578
전남,계,2016,1798310
전남,계,2017,1795036
전남,계,2018,1790233
전남,계,2019,1772926
전남,계,2020,1764193
전남,계,2021,1755301
전남,계,2022,1746606
전남,계,2023,1741453
전남,계,2024,1736603
전남,계,2025,1732133
전남,계,2026,1728096
전남,계,2027,1724495
전남,계,2028,1721260
전남,계,2029,1718171
전남,계,2030,1715046
전남,계,2031,1711788
전남,계,2032,1708384
전남,계,2033,1704745
전남,계,2034,1700772
전남,계,2035,1696424
전남,계,2036,1691661
전남,계,2037,1686609
전남,계,2038,1681226
전남,계,2039,1675429
전남,계,2040,1669259
전남,계,2041,1662723
전남,계,2042,1655762
전남,계,2043,1648311
전남,계,2044,1640211
전남,계,2045,1631334
전남,계,2046,1621597
전남,계,2047,1610976
전남,남자,1970,1742691
전남,남자,1971,1736830
전남,남자,1972,1724486
전남,남자,1973,1708647
전남,남자,1974,1691857
전남,남자,1975,1672490
전남,남자,1976,1639729
전남,남자,1977,1606017
전남,남자,1978,1570908
전남,남자,1979,1535687
전남,남자,1980,1500942
전남,남자,1981,1483539
전남,남자,1982,1466126
전남,남자,1983,1441490
전남,남자,1984,1410959
전남,남자,1985,1382811
전남,남자,1986,1368672
전남,남자,1987,1346313
전남,남자,1988,1315528
전남,남자,1989,1284657
전남,남자,1990,1255133
전남,남자,1991,1208029
전남,남자,1992,1163341
전남,남자,1993,1119984
전남,남자,1994,1078061
전남,남자,1995,1037880
전남,남자,1996,1032206
전남,남자,1997,1026440
전남,남자,1998,1023744
전남,남자,1999,1021408
전남,남자,2000,1011129
전남,남자,2001,998647
전남,남자,2002,973329
전남,남자,2003,955502
전남,남자,2004,931740
전남,남자,2005,916631
전남,남자,2006,905736
전남,남자,2007,893939
전남,남자,2008,888121
전남,남자,2009,883250
전남,남자,2010,878816
전남,남자,2011,881745
전남,남자,2012,885977
전남,남자,2013,888449
전남,남자,2014,894525
전남,남자,2015,899920
전남,남자,2016,902337
전남,남자,2017,900464
전남,남자,2018,899357
전남,남자,2019,892461
전남,남자,2020,888977
전남,남자,2021,885276
전남,남자,2022,881571
전남,남자,2023,879337
전남,남자,2024,877248
전남,남자,2025,875334
전남,남자,2026,873644
전남,남자,2027,872195
전남,남자,2028,870968
전남,남자,2029,869813
전남,남자,2030,868632
전남,남자,2031,867371
전남,남자,2032,866007
전남,남자,2033,864488
전남,남자,2034,862723
전남,남자,2035,860678
전남,남자,2036,858335
전남,남자,2037,855726
전남,남자,2038,852833
전남,남자,2039,849599
전남,남자,2040,846085
전남,남자,2041,842336
전남,남자,2042,838324
전남,남자,2043,834045
전남,남자,2044,829452
전남,남자,2045,824505
전남,남자,2046,819153
전남,남자,2047,813398
전남,여자,1970,1707009
전남,여자,1971,1693131
전남,여자,1972,1677597
전남,여자,1973,1661461
전남,여자,1974,1643155
전남,여자,1975,1627734
전남,여자,1976,1597367
전남,여자,1977,1566919
전남,여자,1978,1535309
전남,여자,1979,1503961
전남,여자,1980,1473113
전남,여자,1981,1452994
전남,여자,1982,1433034
전남,여자,1983,1406620
전남,여자,1984,1374970
전남,여자,1985,1345814
전남,여자,1986,1332595
전남,여자,1987,1312690
전남,여자,1988,1283760
전남,여자,1989,1253939
전남,여자,1990,1225306
전남,여자,1991,1187510
전남,여자,1992,1151792
전남,여자,1993,1116956
전남,여자,1994,1083208
전남,여자,1995,1050821
전남,여자,1996,1045137
전남,여자,1997,1038931
전남,여자,1998,1037098
전남,여자,1999,1033802
전남,여자,2000,1023841
전남,여자,2001,1012963
전남,여자,2002,989468
전남,여자,2003,973183
전남,여자,2004,949310
전남,여자,2005,934626
전남,여자,2006,923912
전남,여자,2007,911915
전남,여자,2008,906028
전남,여자,2009,902059
전남,여자,2010,898466
전남,여자,2011,896848
전남,여자,2012,896384
전남,여자,2013,895447
전남,여자,2014,897362
전남,여자,2015,896658
전남,여자,2016,895973
전남,여자,2017,894572
전남,여자,2018,890876
전남,여자,2019,880465
전남,여자,2020,875216
전남,여자,2021,870025
전남,여자,2022,865035
전남,여자,2023,862116
전남,여자,2024,859355
전남,여자,2025,856799
전남,여자,2026,854452
전남,여자,2027,852300
전남,여자,2028,850292
전남,여자,2029,848358
전남,여자,2030,846414
전남,여자,2031,844417
전남,여자,2032,842377
전남,여자,2033,840257
전남,여자,2034,838049
전남,여자,2035,835746
전남,여자,2036,833326
전남,여자,2037,830883
전남,여자,2038,828393
전남,여자,2039,825830
전남,여자,2040,823174
전남,여자,2041,820387
전남,여자,2042,817438
전남,여자,2043,814266
전남,여자,2044,810759
전남,여자,2045,806829
전남,여자,2046,802444
전남,여자,2047,797578
경북,계,1970,3373973
경북,계,1971,3387836
경북,계,1972,3393269
경북,계,1973,3394925
경북,계,1974,3393581
경북,계,1975,3392694
경북,계,1976,3350869
경북,계,1977,3305810
경북,계,1978,3257090
경북,계,1979,3206925
경북,계,1980,3156810
경북,계,1981,3138992
경북,계,1982,3111394
경북,계,1983,3066542
경북,계,1984,3007934
경북,계,1985,2953958
경북,계,1986,2906873
경북,계,1987,2866626
경북,계,1988,2822774
경북,계,1989,2774467
경북,계,1990,2736033
경북,계,1991,2732475
경북,계,1992,2728374
경북,계,1993,2721551
경북,계,1994,2712646
경북,계,1995,2702465
경북,계,1996,2724100
경북,계,1997,2745318
경북,계,1998,2759045
경북,계,1999,2770743
경북,계,2000,2773340
경북,계,2001,2756966
경북,계,2002,2736510
경북,계,2003,2704590
경북,계,2004,2669505
경북,계,2005,2651702
경북,계,2006,2652689
경북,계,2007,2643478
경북,계,2008,2639236
경북,계,2009,2634167
경북,계,2010,2630443
경북,계,2011,2644992
경북,계,2012,2655755
경북,계,2013,2660941
경북,계,2014,2670922
경북,계,2015,2677768
경북,계,2016,2683339
경북,계,2017,2675128
경북,계,2018,2674333
경북,계,2019,2664642
경북,계,2020,2655464
경북,계,2021,2645404
경북,계,2022,2635101
경북,계,2023,2628664
경북,계,2024,2622444
경북,계,2025,2616530
경북,계,2026,2610971
경북,계,2027,2605816
경북,계,2028,2600881
경북,계,2029,2595871
경북,계,2030,2590531
경북,계,2031,2584819
경북,계,2032,2578579
경북,계,2033,2571701
경북,계,2034,2564049
경북,계,2035,2555562
경북,계,2036,2546158
경북,계,2037,2535811
경북,계,2038,2524538
경북,계,2039,2512333
경북,계,2040,2499246
경북,계,2041,2485336
경북,계,2042,2470659
경북,계,2043,2455136
경북,계,2044,2438665
경북,계,2045,2421159
경북,계,2046,2402529
경북,계,2047,2382729
경북,남자,1970,1708704
경북,남자,1971,1718929
경북,남자,1972,1722312
경북,남자,1973,1722641
경북,남자,1974,1722228
경북,남자,1975,1719667
경북,남자,1976,1698428
경북,남자,1977,1675218
경북,남자,1978,1650074
경북,남자,1979,1624140
경북,남자,1980,1598242
경북,남자,1981,1589593
경북,남자,1982,1575827
경북,남자,1983,1553044
경북,남자,1984,1523026
경북,남자,1985,1495212
경북,남자,1986,1468621
경북,남자,1987,1444753
경북,남자,1988,1419507
경북,남자,1989,1392356
경북,남자,1990,1369957
경북,남자,1991,1368373
경북,남자,1992,1366339
경북,남자,1993,1362931
경북,남자,1994,1358458
경북,남자,1995,1353289
경북,남자,1996,1364456
경북,남자,1997,1376002
경북,남자,1998,1382655
경북,남자,1999,1388690
경북,남자,2000,1390813
경북,남자,2001,1383054
경북,남자,2002,1372748
경북,남자,2003,1358050
경북,남자,2004,1342017
경북,남자,2005,1332967
경북,남자,2006,1333832
경북,남자,2007,1329299
경북,남자,2008,1326520
경북,남자,2009,1322133
경북,남자,2010,1319210
경북,남자,2011,1328334
경북,남자,2012,1334532
경북,남자,2013,1337940
경북,남자,2014,1344773
경북,남자,2015,1349606
경북,남자,2016,1355427
경북,남자,2017,1351843
경북,남자,2018,1353303
경북,남자,2019,1350537
경북,남자,2020,1347218
경북,남자,2021,1343248
경북,남자,2022,1338964
경북,남자,2023,1336021
경북,남자,2024,1333141
경북,남자,2025,1330385
경북,남자,2026,1327790
경북,남자,2027,1325421
경북,남자,2028,1323166
경북,남자,2029,1320877
경북,남자,2030,1318373
경북,남자,2031,1315664
경북,남자,2032,1312652
경북,남자,2033,1309245
경북,남자,2034,1305368
경북,남자,2035,1300969
경북,남자,2036,1296020
경북,남자,2037,1290495
경북,남자,2038,1284385
경북,남자,2039,1277716
경북,남자,2040,1270560
경북,남자,2041,1262951
경북,남자,2042,1254915
경북,남자,2043,1246459
경북,남자,2044,1237564
경북,남자,2045,1228216
경북,남자,2046,1218391
경북,남자,2047,1208058
경북,여자,1970,1665269
경북,여자,1971,1668907
경북,여자,1972,1670957
경북,여자,1973,1672284
경북,여자,1974,1671353
경북,여자,1975,1673027
경북,여자,1976,1652441
경북,여자,1977,1630592
경북,여자,1978,1607016
경북,여자,1979,1582785
경북,여자,1980,1558568
경북,여자,1981,1549399
경북,여자,1982,1535567
경북,여자,1983,1513498
경북,여자,1984,1484908
경북,여자,1985,1458746
경북,여자,1986,1438252
경북,여자,1987,1421873
경북,여자,1988,1403267
경북,여자,1989,1382111
경북,여자,1990,1366076
경북,여자,1991,1364102
경북,여자,1992,1362035
경북,여자,1993,1358620
경북,여자,1994,1354188
경북,여자,1995,1349176
경북,여자,1996,1359644
경북,여자,1997,1369316
경북,여자,1998,1376390
경북,여자,1999,1382053
경북,여자,2000,1382527
경북,여자,2001,1373912
경북,여자,2002,1363762
경북,여자,2003,1346540
경북,여자,2004,1327488
경북,여자,2005,1318735
경북,여자,2006,1318857
경북,여자,2007,1314179
경북,여자,2008,1312716
경북,여자,2009,1312034
경북,여자,2010,1311233
경북,여자,2011,1316658
경북,여자,2012,1321223
경북,여자,2013,1323001
경북,여자,2014,1326149
경북,여자,2015,1328162
경북,여자,2016,1327912
경북,여자,2017,1323285
경북,여자,2018,1321030
경북,여자,2019,1314105
경북,여자,2020,1308246
경북,여자,2021,1302156
경북,여자,2022,1296137
경북,여자,2023,1292643
경북,여자,2024,1289303
경북,여자,2025,1286145
경북,여자,2026,1283181
경북,여자,2027,1280395
경북,여자,2028,1277715
경북,여자,2029,1274994
경북,여자,2030,1272158
경북,여자,2031,1269155
경북,여자,2032,1265927
경북,여자,2033,1262456
경북,여자,2034,1258681
경북,여자,2035,1254593
경북,여자,2036,1250138
경북,여자,2037,1245316
경북,여자,2038,1240153
경북,여자,2039,1234617
경북,여자,2040,1228686
경북,여자,2041,1222385
경북,여자,2042,1215744
경북,여자,2043,1208677
경북,여자,2044,1201101
경북,여자,2045,1192943
경북,여자,2046,1184138
경북,여자,2047,1174671
경남,계,1970,2794945
경남,계,1971,2810010
경남,계,1972,2818466
경남,계,1973,2823575
경남,계,1974,2826093
경남,계,1975,2828890
경남,계,1976,2818527
경남,계,1977,2804374
경남,계,1978,2786474
경남,계,1979,2766722
경남,계,1980,2746366
경남,계,1981,2748595
경남,계,1982,2765095
경남,계,1983,2783622
경남,계,1984,2793154
경남,계,1985,2789644
경남,계,1986,2783433
경남,계,1987,2773779
경남,계,1988,2768387
경남,계,1989,2764700
경남,계,1990,2776273
경남,계,1991,2805601
경남,계,1992,2834597
경남,계,1993,2861211
경남,계,1994,2885857
경남,계,1995,2908813
경남,계,1996,2943238
경남,계,1997,2975321
경남,계,1998,3000399
경남,계,1999,3020469
경남,계,2000,3035571
경남,계,2001,3047627
경남,계,2002,3069947
경남,계,2003,3094681
경남,계,2004,3101595
경남,계,2005,3110041
경남,계,2006,3123201
경남,계,2007,3136517
경남,계,2008,3166472
경남,계,2009,3192481
경남,계,2010,3217263
경남,계,2011,3244712
경남,계,2012,3265495
경남,계,2013,3277965
경남,계,2014,3307369
경남,계,2015,3330230
경남,계,2016,3337708
경남,계,2017,3339275
경남,계,2018,3355874
경남,계,2019,3349656
경남,계,2020,3350151
경남,계,2021,3348591
경남,계,2022,3345692
경남,계,2023,3344467
경남,계,2024,3342701
경남,계,2025,3340494
경남,계,2026,3337863
경남,계,2027,3334755
경남,계,2028,3331197
경남,계,2029,3326803
경남,계,2030,3321405
경남,계,2031,3314828
경남,계,2032,3307035
경남,계,2033,3297984
경남,계,2034,3287575
경남,계,2035,3275784
경남,계,2036,3262681
경남,계,2037,3248231
경남,계,2038,3232511
경남,계,2039,3215590
경남,계,2040,3197504
경남,계,2041,3178358
경남,계,2042,3158169
경남,계,2043,3136847
경남,계,2044,3114235
경남,계,2045,3090213
경남,계,2046,3064695
경남,계,2047,3037575
경남,남자,1970,1405738
경남,남자,1971,1413976
경남,남자,1972,1416875
경남,남자,1973,1416907
경남,남자,1974,1416162
경남,남자,1975,1413320
경남,남자,1976,1408925
경남,남자,1977,1402346
경남,남자,1978,1393800
경남,남자,1979,1384281
경남,남자,1980,1374467
경남,남자,1981,1377161
경남,남자,1982,1386849
경남,남자,1983,1397431
경남,남자,1984,1403354
경남,남자,1985,1402792
경남,남자,1986,1397224
경남,남자,1987,1389322
경남,남자,1988,1383960
경남,남자,1989,1379682
경남,남자,1990,1383172
경남,남자,1991,1398695
경남,남자,1992,1414001
경남,남자,1993,1428180
경남,남자,1994,1441419
경남,남자,1995,1453850
경남,남자,1996,1471958
경남,남자,1997,1489081
경남,남자,1998,1501676
경남,남자,1999,1512937
경남,남자,2000,1521938
경남,남자,2001,1530118
경남,남자,2002,1543264
경남,남자,2003,1557727
경남,남자,2004,1564155
경남,남자,2005,1569743
경남,남자,2006,1580143
경남,남자,2007,1589921
경남,남자,2008,1609185
경남,남자,2009,1624232
경남,남자,2010,1638144
경남,남자,2011,1651780
경남,남자,2012,1661753
경남,남자,2013,1668122
경남,남자,2014,1683623
경남,남자,2015,1696568
경남,남자,2016,1700617
경남,남자,2017,1698965
경남,남자,2018,1708619
경남,남자,2019,1706771
경남,남자,2020,1707444
경남,남자,2021,1706896
경남,남자,2022,1705489
경남,남자,2023,1705162
경남,남자,2024,1704443
경남,남자,2025,1703433
경남,남자,2026,1702142
경남,남자,2027,1700562
경남,남자,2028,1698742
경남,남자,2029,1696478
경남,남자,2030,1693626
경남,남자,2031,1690150
경남,남자,2032,1686001
경남,남자,2033,1681145
경남,남자,2034,1675503
경남,남자,2035,1669064
경남,남자,2036,1661852
경남,남자,2037,1653854
경남,남자,2038,1645103
경남,남자,2039,1635640
경남,남자,2040,1625553
경남,남자,2041,1614929
경남,남자,2042,1603790
경남,남자,2043,1592132
경남,남자,2044,1579925
경남,남자,2045,1567140
경남,남자,2046,1553739
경남,남자,2047,1539661
경남,여자,1970,1389207
경남,여자,1971,1396034
경남,여자,1972,1401591
경남,여자,1973,1406668
경남,여자,1974,1409931
경남,여자,1975,1415570
경남,여자,1976,1409602
경남,여자,1977,1402028
경남,여자,1978,1392674
경남,여자,1979,1382441
경남,여자,1980,1371899
경남,여자,1981,1371434
경남,여자,1982,1378246
경남,여자,1983,1386191
경남,여자,1984,1389800
경남,여자,1985,1386852
경남,여자,1986,1386209
경남,여자,1987,1384457
경남,여자,1988,1384427
경남,여자,1989,1385018
경남,여자,1990,1393101
경남,여자,1991,1406906
경남,여자,1992,1420596
경남,여자,1993,1433031
경남,여자,1994,1444438
경남,여자,1995,1454963
경남,여자,1996,1471280
경남,여자,1997,1486240
경남,여자,1998,1498723
경남,여자,1999,1507532
경남,여자,2000,1513633
경남,여자,2001,1517509
경남,여자,2002,1526683
경남,여자,2003,1536954
경남,여자,2004,1537440
경남,여자,2005,1540298
경남,여자,2006,1543058
경남,여자,2007,1546596
경남,여자,2008,1557287
경남,여자,2009,1568249
경남,여자,2010,1579119
경남,여자,2011,1592932
경남,여자,2012,1603742
경남,여자,2013,1609843
경남,여자,2014,1623746
경남,여자,2015,1633662
경남,여자,2016,1637091
경남,여자,2017,1640310
경남,여자,2018,1647255
경남,여자,2019,1642885
경남,여자,2020,1642707
경남,여자,2021,1641695
경남,여자,2022,1640203
경남,여자,2023,1639305
경남,여자,2024,1638258
경남,여자,2025,1637061
경남,여자,2026,1635721
경남,여자,2027,1634193
경남,여자,2028,1632455
경남,여자,2029,1630325
경남,여자,2030,1627779
경남,여자,2031,1624678
경남,여자,2032,1621034
경남,여자,2033,1616839
경남,여자,2034,1612072
경남,여자,2035,1606720
경남,여자,2036,1600829
경남,여자,2037,1594377
경남,여자,2038,1587408
경남,여자,2039,1579950
경남,여자,2040,1571951
경남,여자,2041,1563429
경남,여자,2042,1554379
경남,여자,2043,1544715
경남,여자,2044,1534310
경남,여자,2045,1523073
경남,여자,2046,1510956
경남,여자,2047,1497914
제주,계,1970,373760
제주,계,1971,383599
제주,계,1972,392784
제주,계,1973,401747
제주,계,1974,410441
제주,계,1975,419244
제주,계,1976,429539
제주,계,1977,440011
제주,계,1978,450426
제주,계,1979,460944
제주,계,1980,471639
제주,계,1981,479074
제주,계,1982,484397
제주,계,1983,488896
제주,계,1984,491697
제주,계,1985,493003
제주,계,1986,494543
제주,계,1987,496140
제주,계,1988,498608
제주,계,1989,502424
제주,계,1990,508746
제주,계,1991,509537
제주,계,1992,510474
제주,계,1993,511126
제주,계,1994,511518
제주,계,1995,511640
제주,계,1996,513926
제주,계,1997,516212
제주,계,1998,519160
제주,계,1999,522398
제주,계,2000,524182
제주,계,2001,528553
제주,계,2002,533737
제주,계,2003,536599
제주,계,2004,539405
제주,계,2005,541833
제주,계,2006,543702
제주,계,2007,543134
제주,계,2008,543894
제주,계,2009,545602
제주,계,2010,547917
제주,계,2011,553845
제주,계,2012,560818
제주,계,2013,570034
제주,계,2014,583335
제주,계,2015,599252
제주,계,2016,618119
제주,계,2017,634919
제주,계,2018,652693
제주,계,2019,659539
제주,계,2020,670207
제주,계,2021,679882
제주,계,2022,688754
제주,계,2023,698115
제주,계,2024,706934
제주,계,2025,715254
제주,계,2026,723130
제주,계,2027,730590
제주,계,2028,737698
제주,계,2029,744405
제주,계,2030,750668
제주,계,2031,756463
제주,계,2032,761833
제주,계,2033,766727
제주,계,2034,771133
제주,계,2035,775036
제주,계,2036,778392
제주,계,2037,781270
제주,계,2038,783649
제주,계,2039,785520
제주,계,2040,786944
제주,계,2041,787933
제주,계,2042,788503
제주,계,2043,788617
제주,계,2044,788278
제주,계,2045,787464
제주,계,2046,786152
제주,계,2047,784292
제주,남자,1970,181287
제주,남자,1971,186395
제주,남자,1972,191084
제주,남자,1973,195416
제주,남자,1974,199665
제주,남자,1975,203428
제주,남자,1976,209021
제주,남자,1977,214752
제주,남자,1978,220486
제주,남자,1979,226305
제주,남자,1980,232282
제주,남자,1981,236110
제주,남자,1982,238871
제주,남자,1983,241202
제주,남자,1984,242659
제주,남자,1985,243394
제주,남자,1986,244360
제주,남자,1987,245211
제주,남자,1988,246562
제주,남자,1989,248637
제주,남자,1990,251971
제주,남자,1991,252248
제주,남자,1992,252620
제주,남자,1993,252877
제주,남자,1994,253019
제주,남자,1995,253083
제주,남자,1996,254319
제주,남자,1997,255820
제주,남자,1998,257559
제주,남자,1999,259608
제주,남자,2000,260842
제주,남자,2001,263176
제주,남자,2002,266196
제주,남자,2003,268130
제주,남자,2004,269930
제주,남자,2005,271342
제주,남자,2006,272449
제주,남자,2007,272051
제주,남자,2008,272452
제주,남자,2009,273345
제주,남자,2010,274676
제주,남자,2011,277692
제주,남자,2012,281398
제주,남자,2013,286074
제주,남자,2014,293154
제주,남자,2015,301539
제주,남자,2016,311239
제주,남자,2017,320329
제주,남자,2018,329625
제주,남자,2019,333066
제주,남자,2020,338707
제주,남자,2021,343779
제주,남자,2022,348385
제주,남자,2023,353204
제주,남자,2024,357706
제주,남자,2025,361917
제주,남자,2026,365876
제주,남자,2027,369605
제주,남자,2028,373133
제주,남자,2029,376447
제주,남자,2030,379511
제주,남자,2031,382333
제주,남자,2032,384938
제주,남자,2033,387285
제주,남자,2034,389378
제주,남자,2035,391199
제주,남자,2036,392735
제주,남자,2037,394013
제주,남자,2038,395009
제주,남자,2039,395723
제주,남자,2040,396196
제주,남자,2041,396437
제주,남자,2042,396460
제주,남자,2043,396235
제주,남자,2044,395775
제주,남자,2045,395088
제주,남자,2046,394159
제주,남자,2047,392959
제주,여자,1970,192473
제주,여자,1971,197204
제주,여자,1972,201700
제주,여자,1973,206331
제주,여자,1974,210776
제주,여자,1975,215816
제주,여자,1976,220518
제주,여자,1977,225259
제주,여자,1978,229940
제주,여자,1979,234639
제주,여자,1980,239357
제주,여자,1981,242964
제주,여자,1982,245526
제주,여자,1983,247694
제주,여자,1984,249038
제주,여자,1985,249609
제주,여자,1986,250183
제주,여자,1987,250929
제주,여자,1988,252046
제주,여자,1989,253787
제주,여자,1990,256775
제주,여자,1991,257289
제주,여자,1992,257854
제주,여자,1993,258249
제주,여자,1994,258499
제주,여자,1995,258557
제주,여자,1996,259607
제주,여자,1997,260392
제주,여자,1998,261601
제주,여자,1999,262790
제주,여자,2000,263340
제주,여자,2001,265377
제주,여자,2002,267541
제주,여자,2003,268469
제주,여자,2004,269475
제주,여자,2005,270491
제주,여자,2006,271253
제주,여자,2007,271083
제주,여자,2008,271442
제주,여자,2009,272257
제주,여자,2010,273241
제주,여자,2011,276153
제주,여자,2012,279420
제주,여자,2013,283960
제주,여자,2014,290181
제주,여자,2015,297713
제주,여자,2016,306880
제주,여자,2017,314590
제주,여자,2018,323068
제주,여자,2019,326473
제주,여자,2020,331500
제주,여자,2021,336103
제주,여자,2022,340369
제주,여자,2023,344911
제주,여자,2024,349228
제주,여자,2025,353337
제주,여자,2026,357254
제주,여자,2027,360985
제주,여자,2028,364565
제주,여자,2029,367958
제주,여자,2030,371157
제주,여자,2031,374130
제주,여자,2032,376895
제주,여자,2033,379442
제주,여자,2034,381755
제주,여자,2035,383837
제주,여자,2036,385657
제주,여자,2037,387257
제주,여자,2038,388640
제주,여자,2039,389797
제주,여자,2040,390748
제주,여자,2041,391496
제주,여자,2042,392043
제주,여자,2043,392382
제주,여자,2044,392503
제주,여자,2045,392376
제주,여자,2046,391993
제주,여자,2047,391333
